,phi,grid,T_in,T,P,vel,blend,fuel,oxidizer,N2,AR,HE,H,O2,OH,O,H2,H2O,HO2,H2O2,CO,CO2,HCO,OHEX,CH3,CH4,CH2O,T-CH2,S-CH2,C2H4,CH3O,C2H5,C2H6,CH,C2H2,C2H4OOH,OC2H3OOH,C2H3,CH2CHO,C2H4O,HCCO,CH2CO,C2H,CH2OH,CH3OH,CH3CHO,CH3CO,C2H5OH,CH2CH2OH,CH3CHOH,CH3CH2O,C3H4,C3H3,C3H5,C3H6,C3H8,I-C3H7,N-C3H7,C3H6OOH,OC3H5OOH,C4H10,PC4H9,SC4H9,C4H8,SC4H9O2,C4H8OOH1-3,NC4KET13,CHCHO,N,NO,NO2,N2O,NH3,HNO,H2NO,NNH,NH2,NH,N2H2,N2H3,N2H4,H2NN,HONO,HNOH,HNO2,HONO2,NO3,HON,CN,HCN,HNC,H2CN,HCNH,NCN,HCNN,HNCN,NCO,HNCO,HOCN,HCNO
0,0.6146893744,978,294.247107438,513.4840220386,101325.0,0.2571891743,0.3,,,0.7211135981368555,9.643797921612327e-16,2.684995610646834e-16,-5.711632081444756e-16,0.05916511297415494,1.6447566781048445e-11,-1.1935761724604487e-15,5.088134867896845e-06,0.21447864746663686,2.0073041533869985e-15,1.6981360679110573e-07,-7.786235751031666e-15,5.980249303133118e-13,-4.679341495311654e-16,-2.0583814286368553e-16,-9.912981426362293e-16,-7.277233996365956e-16,-2.2748136579757878e-15,-6.469866450923325e-16,-2.0690648808770708e-16,3.497047189347336e-15,-9.655461549798535e-16,-4.384224553437036e-16,-6.900406495821429e-16,-2.2276383628430445e-16,-5.438575642717178e-16,-6.509032343105239e-16,-3.4147285956209925e-15,-4.800252862652341e-16,-7.136676391392513e-16,1.0480524486635019e-15,-4.3107134758663046e-16,-9.83107666382188e-16,-2.79640732188695e-16,-3.2160288352353806e-16,-6.508825953360537e-16,-8.497186841175344e-16,-6.254754138645496e-16,-6.816325669124925e-16,-7.588407119103274e-16,-5.691449868814674e-16,-4.861068275398601e-16,-8.823044326234872e-16,-8.033176958792958e-16,-7.923495244078726e-16,-1.2470507322851777e-15,-6.765528001386789e-16,-6.143617649365975e-16,-3.84300077207674e-16,-8.794487567263896e-16,-8.070422303023303e-16,-6.783414011897651e-16,-3.66239030358398e-16,-2.614326112075362e-16,-4.513743114930531e-16,-1.2663621524134716e-15,-2.23985135203188e-16,-1.8379784399469158e-15,-4.857177207967275e-16,-5.206495110225949e-16,0.004751811371442295,0.00011704997562229066,0.0003064255443708751,5.0960272733767805e-12,8.294975796890061e-10,4.867627788569907e-13,-2.0583917237944979e-16,-6.121712545344364e-16,-4.908913743824268e-16,-1.0828967085690509e-16,-6.683206840100815e-16,-7.031117054598579e-16,-8.113047301532829e-16,6.19601348355811e-05,3.947613899744545e-15,3.7593714750488395e-11,2.2730058975220763e-10,-2.2348022509705454e-16,1.3533063355550197e-07,-2.819286291983582e-16,-1.4396636610385927e-15,-7.060469964173733e-16,-7.196116545471144e-16,-8.649742598572834e-16,-7.014762942437786e-16,-9.152390833208737e-16,-6.799839308134709e-16,-1.313751534910653e-15,-1.8668382951730415e-15,-8.707915379374006e-16,-1.2801429208900073e-15
0,0.6447819894,942,295.0371900826,517.7053719008,101325.0,0.2675474274,0.3,,,0.7188269667583651,7.64576782769534e-15,4.84823680755177e-15,-2.7263961676426574e-15,0.05437401836834172,2.1933925234590215e-11,-1.2826080383053066e-15,4.5908466096834244e-06,0.2210662409445136,4.910021203442472e-15,1.5758553220054502e-07,-1.184192261347841e-14,5.434803738291659e-13,-5.017029814565203e-15,-5.456668428852863e-15,-3.060184385325027e-15,-3.9927827769295945e-15,4.350983095974737e-15,-4.6351360388598275e-15,-5.454765497972504e-15,-7.552426979958523e-15,-3.912690392695129e-15,-4.965462468461635e-15,-4.136038898229885e-15,-5.43269147567094e-15,-4.630402577655826e-15,-4.445893527682965e-15,1.5350860465407084e-15,-4.905178081858817e-15,-3.846740905272863e-15,8.05181143613429e-15,-5.096911676109483e-15,-2.5365925589863394e-15,-5.350479578030667e-15,-5.264811168204524e-15,-4.027321836868656e-15,-3.2956271950305593e-15,-4.083171818344864e-15,-4.019509522348436e-15,-3.583420368290076e-15,-4.558802190837663e-15,-4.996136571162234e-15,-3.8680653334842746e-15,-3.851848536383748e-15,-4.016565754168757e-15,-4.171117145876462e-15,-4.021066417300226e-15,-4.1948671289440095e-15,-5.132509392149275e-15,-3.187370427013906e-15,-2.7990769118943227e-15,-4.247198568026514e-15,-5.178627960707925e-15,-5.367223915049687e-15,-1.226755486149363e-14,-1.0504561967536808e-15,-5.421171613912247e-15,3.0347328562354664e-15,-4.899776684397883e-15,-4.843211831340479e-15,0.005504192095375465,0.00011667168377939779,4.186254930882316e-05,9.559693326768226e-13,9.395996534431584e-10,8.991007855243569e-14,-5.454522362980839e-15,-4.298841980060543e-15,-4.94121195251432e-15,-3.995724229868041e-15,-4.09748278795152e-15,-4.018286142306294e-15,-3.894176405155999e-15,6.517008762866569e-05,-2.9229216107037936e-15,4.587539932244091e-11,1.82971068152993e-10,-5.06532524068227e-15,1.2788884141632934e-07,-5.333071284768077e-15,-5.919530913603518e-15,-4.029828649616951e-15,-3.7242762982653735e-15,-4.002374453191809e-15,-3.966818279494609e-15,-3.134973775576315e-15,-4.019723304288793e-15,-1.6476919408552652e-15,-5.989927215126447e-15,-5.205932454758126e-15,-1.691537391558052e-15
0,0.6993829903,1004,295.9326446281,496.9161157025,101325.0,0.2831769049,0.3,,,0.7147432871976932,2.6419226588263265e-15,2.7393251516046748e-15,4.4610884451213997e-17,0.0448118818919376,1.6460608563907502e-11,-3.6226591571294104e-16,5.98068549383375e-06,0.23367659177369507,2.8077021125817018e-15,1.8011820050186462e-07,-4.852186266062518e-15,2.2253352085484187e-13,-8.250858697414676e-16,-1.0196736352243907e-15,-9.194664428312707e-16,-7.842652669774576e-16,-5.313820951777115e-16,-6.523226988227647e-16,-1.0189122808997854e-15,-6.798061046323925e-16,-9.339804019488895e-16,-8.332925024623341e-16,-7.881668797225266e-16,-1.0075493545129161e-15,-9.960690719023168e-16,-6.781223638270835e-16,-1.1612146298230123e-15,-7.917618474152965e-16,-8.216778480520516e-16,2.6810300685528064e-15,-8.741912526324353e-16,-7.160991031239136e-16,-9.683249642348014e-16,-9.174049073353543e-16,-6.656812018612841e-16,-7.821241177566008e-16,-7.647680987056731e-16,-7.543180074378714e-16,-6.404026734916256e-16,-7.365756563339558e-16,-7.602101349891439e-16,-1.2349090020677355e-15,-7.830985177878444e-16,-1.1105795140323285e-15,-2.9338336447426408e-15,-7.551871771004348e-16,-7.527472900363435e-16,-8.674046508230659e-16,-5.9734795427031e-16,2.1464758914634824e-16,-8.150156412279554e-16,-8.808353938287504e-16,-9.686839237261274e-16,-1.2184618244754824e-16,3.3963453691362615e-17,-1.0088120460484977e-15,7.4965095812493e-16,-7.808828771467848e-16,-8.130967729447286e-16,0.006557431845617061,0.00012610849808757842,5.650007924349261e-07,6.579341091307903e-14,1.6743744401794742e-09,8.083895488594565e-15,-1.0195302726750038e-15,-7.447978194651186e-16,-8.388950045197453e-16,-7.178695185236065e-16,-8.264841267727591e-16,-7.064126358740389e-16,-8.270504991439948e-16,7.785026527331194e-05,-5.417292394609255e-16,5.195236899021666e-11,1.230324952833845e-10,-8.681341708490361e-16,1.208571404296643e-07,-9.511575180046299e-16,-1.2851804117998402e-15,-7.084422013878489e-16,-5.36285413358238e-16,-8.418188659480124e-16,-8.009853647269252e-16,-4.0051847420392144e-16,-7.7876819222388415e-16,-1.1099753690424504e-16,-1.8740566003321003e-15,-9.522110103609283e-16,-3.311410382379879e-16
0,0.7002137561,1007,294.1599173554,494.6993112948,101325.0,0.2818359501,0.3,,,0.7146909765964798,-4.6128132486912446e-15,-4.475528721553346e-15,1.1396058859063323e-15,0.044633482146241646,1.4882289243799935e-11,1.2294001224120596e-15,6.018226847213891e-06,0.23391717272271897,4.559229135545346e-15,1.8072287003341966e-07,9.919861863154814e-16,1.7320642622957887e-13,-2.706175494498563e-16,-4.524240857197587e-16,4.540222310050851e-16,1.0957128962647632e-16,1.5609764374381557e-15,-6.192308176681137e-17,-4.519215904590981e-16,-5.856263410381304e-16,2.4540225572395204e-16,-2.4958810515525387e-16,1.2788602216520336e-16,-4.444724261289584e-16,-1.0622293811690256e-16,1.906444923404145e-17,2.4999244879682325e-15,-1.8300035007021365e-16,2.2633827945488998e-16,-4.504792488829076e-15,-3.1828395783082203e-16,-2.324381818045232e-16,-4.136847837031805e-16,-3.665261577315988e-16,1.2823773164506593e-16,4.535920854569113e-16,1.9646516711294042e-16,1.633972894884592e-16,8.995478624371946e-17,3.3988517436553425e-18,-1.2942104513140697e-16,8.62258236860168e-17,2.0196652350510214e-16,1.2397770828473086e-16,-2.5470230583691397e-17,1.6707315821309658e-16,1.0632704427529929e-16,-3.0594004760089323e-16,4.856127680923552e-16,1.7002984735242264e-16,1.1259050890970253e-16,-3.244648490130658e-16,-4.128505447791194e-16,9.384470763641336e-16,8.152347501314375e-16,-4.424439329171726e-16,8.553286188933953e-16,-1.605727390504137e-16,-2.258425908492585e-16,0.006547440062180595,0.00012610211447214463,5.69252805744773e-07,6.746273113763093e-14,1.6882409020697368e-09,9.224974457130523e-15,-4.514769887412241e-16,5.4449060386811855e-18,-2.6907573901521317e-16,1.3452012627250568e-16,1.2246037540165576e-16,1.677000290862504e-16,2.16415621597404e-16,7.79352325550548e-05,2.905399096739977e-16,5.178322412438414e-11,1.2267885215269728e-10,-3.2255000258165877e-16,1.210449927108993e-07,-3.9907429646141335e-16,4.462976040171115e-16,1.6261305080892135e-16,1.3872311317915086e-16,2.3890002921600976e-16,1.3679918481414863e-16,3.626419267671843e-16,1.3249973530261938e-16,8.686229170209022e-16,-1.6552143918961494e-15,-8.939873145040595e-17,1.23611451697955e-15
0,0.7501325861,1044,294.4524793388,504.3887052342,101325.0,0.2999479385,0.3,,,0.7109484245492742,3.2685969178447232e-15,2.2216607353520944e-15,6.827839165229177e-15,0.03553560941446542,5.730581042930968e-11,-1.9516464547411162e-16,1.0077216238219e-05,0.24597343755484385,1.640386911933303e-14,2.2645741867841824e-07,3.8792006900236424e-15,-1.0729510324225887e-12,-4.4318017159527846e-16,-3.7055187088602937e-16,-7.136444149879579e-16,-5.203988279577701e-16,-1.6684715380151793e-16,-5.213244065964619e-16,-3.70854045282133e-16,-4.7167403306530295e-15,-8.559859317063728e-16,-4.526567220063788e-16,-5.215930212796779e-16,-3.7517886813771173e-16,-5.019636521170411e-16,-5.115267410235802e-16,-2.6022686102807444e-15,-4.658291157678758e-16,-5.865229077291941e-16,3.4944187413530025e-15,-4.1861017107897987e-16,5.48662504076665e-16,-3.8655385070565855e-16,-4.1232950247523044e-16,-4.44975821556019e-16,-5.20069971890882e-16,-5.145782542495999e-16,-4.967829679056216e-16,-6.080479033266772e-16,-4.951313763551407e-16,-4.581523330233251e-16,1.438049416142583e-16,-6.269264167988531e-16,6.525033776262908e-17,3.790143196116536e-15,-4.898506468568528e-16,-5.142263727041e-16,-4.331836121680049e-16,-6.016042097295937e-16,-1.9804013740008187e-15,-6.086491006615385e-16,-4.2623044617872755e-16,-3.8864287657027606e-16,-2.2707376477001852e-15,9.463393483437724e-17,-3.7224745329172136e-16,-4.089280462092673e-16,-4.687858877036182e-16,-4.459123731421149e-16,0.007301556485683498,0.00013703210831306082,1.750927626260946e-07,9.850242075376377e-14,3.521194872463361e-09,1.302268695453409e-14,-3.6887367128602136e-16,-4.926656323287036e-16,-4.3490910157974087e-16,-5.238872302755613e-16,-4.571770104076339e-16,-5.448762714316513e-16,-6.667316916896214e-16,9.334045998060208e-05,-3.9554276176694357e-16,5.065241898261007e-11,7.87805324855691e-11,-3.016097712892592e-16,1.1695404298903413e-07,-3.9844338908819626e-16,5.976104467141082e-16,-5.462694285711668e-16,-5.143834060137987e-16,-7.845010492445405e-16,-4.723508280328875e-16,-5.203134215339022e-16,-4.9475096707916e-16,-7.206687918862101e-16,2.4554158072271574e-15,-1.157008659560731e-16,-8.792774337157312e-16
0,0.7992536035,1032,296.5227272727,512.2807162534,101325.0,0.3048324033,0.3,,,0.7074415054378448,5.7519417516005166e-15,5.596828205076106e-15,8.103556871322674e-14,0.02684357249047318,1.7469121391063553e-10,5.567474308412378e-15,1.8010259250349885e-05,0.2575879448356663,9.718997715820208e-14,2.838764274246094e-07,-1.6252286445799622e-14,2.602033420907659e-13,4.390884923143901e-15,4.710748642975735e-15,2.658802595536461e-15,2.1810257440882656e-15,-1.8383362380989995e-14,4.0623334121016565e-15,4.70787382577483e-15,2.0944758146268698e-14,2.087873869748305e-15,4.294822486561723e-15,2.3555432457626268e-15,4.688677884192182e-15,2.8402899939818806e-15,4.1316020880266636e-15,-6.737871402682452e-15,4.287863981666836e-15,3.411912115878528e-15,5.871164054764872e-15,4.51192550991428e-15,5.263563794770037e-16,4.629705239188097e-15,4.492619970027038e-15,2.158449297993735e-15,6.694121967583325e-16,4.019930405963383e-15,2.3445539372720293e-15,2.2178715691931464e-15,4.126111686973937e-15,4.4127844653844205e-15,3.0671175906596562e-15,2.645295778325145e-15,3.1372954102860492e-15,8.44419994747544e-15,2.366211817815395e-15,3.935804720731178e-15,4.4046272446738364e-15,3.4358693299905775e-15,-7.75043696298051e-15,2.2875638753542117e-15,4.435583910341887e-15,4.5865769166683085e-15,3.1233089169626155e-16,-1.0043434181613842e-15,4.6674620368661364e-15,-4.533991280344406e-15,4.282013062646251e-15,4.4205792196857374e-15,0.007858301854269065,0.00014054610397800743,1.7855339793444236e-07,2.123807885098891e-13,8.015621766410646e-09,2.6412537344055504e-14,4.709649389571206e-15,4.187801150117777e-15,4.460417686011617e-15,2.249057072563115e-15,2.420380902524601e-15,2.24457958057702e-15,2.734283095603783e-15,0.00010953400581158335,2.7288671191684903e-15,4.4851786567254055e-11,4.7966148928888546e-11,4.718846291636306e-15,1.1429889555371011e-07,4.552100521292858e-15,2.7432094406985205e-16,2.266363649112065e-15,2.0530411073900526e-15,2.6435501742490167e-15,2.2926661742566936e-15,1.2743971210878166e-15,2.300069310707602e-15,-1.0778920178676848e-15,5.299010660141918e-16,2.652987906178529e-15,-3.0459139025917322e-15
0,0.8501729796,1012,294.7871900826,523.6608815427,101325.0,0.3394528477,0.3,,,0.7038841805096743,7.45806512429107e-15,9.076189183983742e-15,2.6533221749328545e-12,0.01755456365402278,9.606835167349562e-10,4.542250007920544e-14,4.274636839549421e-05,0.2701003741565324,1.5829167640152542e-12,3.991790083714815e-07,-6.948692866952662e-14,4.793813594916316e-13,4.224329287567002e-15,1.976624494988591e-15,3.4221657234004367e-15,2.717519627281323e-15,-3.414323104161477e-14,6.720693320295664e-15,1.987809818082022e-15,2.6946882097557997e-14,1.998509662891159e-15,4.743006708938724e-15,1.747615543474225e-15,2.120773209626492e-15,2.613492156947797e-15,4.881649454520572e-15,-4.159538276013339e-15,4.779853892951823e-15,3.6175946557451805e-15,6.739628910173043e-15,3.3440617083850915e-15,-4.792997928018104e-15,2.489958096552514e-15,3.874003314363008e-15,5.187391723149456e-15,-4.795379182125972e-16,5.04798906429098e-15,1.840262624738797e-15,2.27096928935206e-15,4.87612256709297e-15,3.703927923340655e-15,4.91275229087167e-15,2.791507691979166e-15,3.648655744316738e-15,5.642347062491337e-15,1.8265477968587406e-15,4.4496265125165944e-15,4.3172537336288065e-15,4.64085101443603e-15,-7.285884624550138e-15,1.154709306860554e-15,4.256907850983346e-15,3.1249964381235996e-15,1.113940641790217e-14,8.164133534033782e-16,2.491367080470385e-15,-3.0329921308188223e-15,4.810444609834758e-15,3.945658218512886e-15,0.00815539746758434,0.00012693724861834047,2.0365647038563853e-07,6.82101965136384e-13,2.968463431867826e-08,5.720162284029525e-14,1.979069042263388e-15,4.768540508625918e-15,3.703022593678129e-15,2.3451245593622104e-15,1.639321420968945e-15,1.7418560415992206e-15,2.919645176925313e-15,0.00013505377561436627,3.770433351244287e-15,2.8613565063602313e-11,3.252547097225905e-11,3.0473821821293496e-15,1.1327202260881287e-07,3.419688241388903e-15,-6.413710427472908e-15,1.4055818406349959e-15,2.764132450358795e-15,3.028071475454159e-15,2.7769364438664767e-15,3.1994130139162904e-15,2.6903465284456824e-15,1.349401880343377e-15,-1.0371329059988563e-14,1.5645928611227107e-15,-2.7174194258193973e-15
0,0.9003379917,984,296.5417355372,537.370661157,101325.0,0.3723374876,0.3,,,0.7005469409354534,-2.92765788543929e-15,-2.8581896326681146e-15,4.961468358368369e-10,0.008657870676086627,7.097053871064768e-09,9.492222742717424e-13,0.0001408434785497323,0.28222949917533346,1.2192942952359932e-10,5.571532377215435e-07,-1.6103291396279448e-13,-9.2696520912599e-13,1.345155672327479e-14,1.2556336103012097e-14,8.287210418215809e-16,6.212974044302866e-15,-1.0703075825092176e-13,1.2848146033114711e-14,1.255765785952918e-14,-3.500053460716306e-14,5.140533333465165e-15,9.873406194062397e-15,3.516337036005773e-15,1.2742412010252898e-14,2.3931338864896762e-15,1.2828157452511955e-14,-1.7842673326306194e-15,1.1472577057430385e-14,7.713646889847378e-15,-3.124322754048658e-15,1.35941619155222e-14,-1.3425686964870006e-14,1.309149575819383e-14,1.3194687081257669e-14,7.61975126704199e-15,-2.153296908363398e-15,1.196366093091177e-14,3.616756781663526e-15,6.039209775898046e-15,1.0373459358780623e-14,1.3680889903839559e-14,7.537879461655084e-15,7.320423514903583e-15,6.424956614963765e-15,1.9995599745417626e-14,3.469636499146958e-15,8.604744359626282e-15,1.1728076683448458e-14,5.2294165175517295e-15,-5.049751592075597e-15,4.435231261784184e-15,1.2638279552503424e-14,1.3617511448042307e-14,2.9962996164199734e-14,7.317087285031941e-15,1.3230005559556843e-14,-1.4297760775358982e-14,1.1598730957305996e-14,1.3579647176037422e-14,0.008182846257576828,7.136670581986887e-05,2.378399298091361e-07,4.209400974134109e-12,2.661783979533443e-07,1.5387744856628538e-13,1.2564981616283676e-14,1.2148778782659086e-14,1.3615877056894944e-14,4.376778063767605e-15,6.928599293318415e-15,5.895179265282986e-15,6.868874451097261e-15,0.00016945053244458985,1.3707377370005684e-14,9.623021029963956e-12,2.574547844204435e-11,1.3599678020395265e-14,1.1331216080862826e-07,1.3528416047359196e-14,-2.37154608626915e-14,3.923437078626752e-15,8.56284351611856e-15,5.1207900543992076e-15,3.3730762448886064e-15,8.204671528251697e-15,3.0326959072021207e-15,-1.2685376006965925e-15,-1.962727747788992e-14,4.221855881295226e-15,-1.5443931730818224e-14
0,0.95007358,960,295.0202479339,550.9841597796,101325.0,0.3987996189,0.3,,,0.6970678164073316,-7.356559913415424e-15,-6.920664174720687e-15,2.009033037498513e-06,0.0009418080093649136,3.9850503327195244e-07,6.074759815861269e-11,0.0014128688185917405,0.29263658955194,5.1304178367243546e-08,1.939018734369971e-07,-2.628973190761027e-14,-1.3655094514123951e-12,5.7445123029027e-16,-1.684993734235247e-16,1.2304286524178926e-15,-1.1056538984380581e-16,2.363434565068226e-15,1.549398445112679e-15,-1.642466233388651e-16,2.132331694573504e-15,8.147978913522404e-16,1.0317521959816929e-15,5.644379697492088e-16,-8.138478220232954e-17,9.753343633581286e-16,4.1082750652512477e-16,9.334787284284756e-16,4.3189114125777565e-16,8.288711463987992e-16,-7.345460102250601e-15,3.1500713333794047e-16,8.133410522498291e-16,6.261538586419323e-17,8.136127220587065e-16,9.013742735580399e-16,8.46209206239005e-16,7.225585766237715e-16,8.163495500110369e-16,8.746937442743645e-16,8.16682293628025e-16,2.1845442164601414e-16,8.3745169842992375e-16,8.389105434682258e-16,8.188564010551204e-16,5.574433016833513e-16,8.082441298614582e-16,8.147473159608346e-16,8.198432186463058e-16,9.007779295297438e-16,9.061435559181405e-16,8.345578750451089e-16,5.646897281607863e-16,7.68199982109312e-16,1.1333080733279642e-15,1.3715655489105325e-15,5.807250536656047e-16,1.5344067662867132e-15,8.237434346955051e-16,4.728616524572519e-16,0.007764350378104581,5.058639843559701e-06,1.2101120581226868e-06,2.571688180756938e-10,1.108599096072883e-05,3.6323155291609404e-14,5.779296405105847e-14,3.0624767668057214e-15,2.81267284130253e-14,1.288177616486115e-15,4.170453500763198e-16,8.430871267763188e-16,8.335799075445602e-16,0.00015644379367185535,8.880547914545501e-14,3.5889574398894567e-13,8.614389685932831e-12,6.80789129584148e-16,1.1522826831119085e-07,7.676441201210203e-16,1.2574957890522897e-15,8.291020839293913e-16,8.694913146232048e-16,7.512748728438757e-16,8.407945267982701e-16,1.1796029502119546e-15,8.136402866300069e-16,9.492310669840767e-16,7.336695432547132e-16,8.133665512921407e-16,1.857631417557401e-15
0,0.9994480409,983,296.4640495868,565.4217630854,101325.0,0.4256860549,0.3,,,0.6917659966526354,5.065006741062747e-14,4.307893411752513e-14,9.67730687893314e-06,1.629437465090313e-05,3.6558731588318883e-08,7.577444714865374e-12,0.009757808578841575,0.2915396223173178,4.425435116013031e-09,5.053154313702248e-09,7.744839999800558e-13,5.376361377449528e-12,8.319401267501555e-16,9.752286503746584e-15,-2.380191460984688e-14,6.493198897793005e-14,-4.100129734516361e-14,-1.3257175397112855e-14,9.729542104507346e-15,-1.6606662967542393e-14,-7.337228895866767e-15,-1.2033988490309301e-14,2.0052565632230827e-14,9.28943096840568e-15,6.795058365861963e-15,6.194841651981723e-15,-5.851463846403815e-15,6.846040763647544e-15,-8.888260763212517e-15,5.149605609844339e-14,5.412944629414485e-15,-7.274282106989685e-15,8.350831601716126e-15,-7.361521819503977e-15,-5.50524522812248e-15,-7.103058840830944e-15,9.752420444123916e-17,-6.932358029959478e-15,-9.754793898910049e-15,-7.719717133308183e-15,8.033824314569626e-15,-7.54323463530541e-15,-7.851859793311443e-15,-6.4136855808311654e-15,-5.587531793072061e-15,-6.4422192389471785e-15,-3.842961045496212e-15,-5.859820262514817e-15,-4.189243161115215e-15,-5.728026415156516e-15,-6.782227954649366e-15,-1.941903119543211e-14,-9.020546254079224e-15,-6.210673848324326e-15,-1.1187108312563284e-14,-1.379179499614136e-16,-9.711543947932473e-15,-7.453346542562305e-15,3.945625343042329e-15,0.0068796271252679455,8.601638939169411e-08,2.0730783242571696e-06,1.4487134761160081e-08,1.4311569806356171e-05,-7.384643480761351e-15,3.52117814093989e-13,-5.669169395963371e-16,3.2551910693409084e-13,-7.047453380487661e-15,7.614219495432154e-15,-6.729407091350785e-15,-7.813425625486697e-15,1.4323920667535673e-05,2.406863574894406e-15,2.525347820411716e-14,2.568831086936238e-13,6.6325067176707824e-15,1.1852020525878645e-07,-4.3790253109649604e-15,-1.1756845862679093e-14,-7.399943736023511e-15,-7.45547821949269e-15,-9.343835183554454e-15,-8.020222117802481e-15,-1.1607946029364536e-14,-5.3030323098338115e-15,-8.957151258998736e-15,1.1068456883309908e-15,-7.19623666067127e-15,-3.730510135396757e-14
0,1.0003341351,979,294.1818181818,542.9409090909,101325.0,0.4244883971,0.3,,,0.6920095563355723,6.39797653475279e-15,7.16721552793565e-15,8.348352961031549e-06,1.5568082347040737e-05,2.8614990693177428e-08,3.573394640114709e-12,0.009838713961909466,0.29125810003121133,3.958157604891221e-09,4.9601365124539005e-09,-2.5233437167033247e-13,-1.691326524491174e-12,2.176774075029787e-16,5.4713416404225586e-17,1.3171819979459591e-15,-4.109669635473237e-15,9.010559096862286e-16,5.805258976363073e-16,5.5100188080902633e-17,5.208751339548705e-16,6.494083360978048e-16,7.290857002508704e-16,-2.2726917897803854e-15,6.042120092306887e-17,3.599871493115497e-16,1.34219681737445e-16,5.48162264624241e-16,8.345113256129342e-17,7.614902948970829e-16,6.3876933157644485e-15,1.1813997194859876e-16,6.28465483079997e-16,7.358398071552624e-17,6.350575360601204e-16,4.611699068245075e-16,5.342206496834815e-16,2.80129457264115e-16,4.492037692663876e-16,8.278721619087934e-16,6.671282309958086e-16,9.458623790929177e-17,6.502124868262787e-16,6.852846529006742e-16,5.670652480999254e-16,3.524584002213662e-16,4.519490256648087e-16,-9.109833865101326e-18,7.878351951838035e-16,4.712126078714625e-16,5.564195459077298e-16,5.233244671619994e-16,1.2931583980385476e-15,7.536292934979237e-16,3.769698458478729e-16,9.031866138832759e-16,3.1031885750236135e-16,8.928757190205675e-16,6.209809129247652e-16,5.572715372392067e-16,0.006837611458141938,8.789362054626971e-08,2.0574433221154877e-06,1.518481628845784e-08,1.563316820365483e-05,1.2282340096772785e-15,2.338941188522885e-13,9.332846032593805e-15,1.6837841390834502e-13,1.1967448328328266e-15,8.109428693131681e-17,6.32102373037483e-16,6.765589429552524e-16,1.4151576769850332e-05,9.279927021222895e-15,3.35928843486222e-14,2.5152349875121534e-13,9.611331456233931e-17,1.1897545855144306e-07,4.366287777482126e-16,-8.3103057101967935e-16,6.308673044580576e-16,6.716455533394185e-16,8.042057138564325e-16,6.997388481518907e-16,8.940925541496778e-16,4.2736144496569007e-16,7.279300305338899e-16,-1.7049479882215947e-15,5.998161992954853e-16,2.1391588619375276e-15
0,1.0502380028,933,295.0607438017,576.852892562,101325.0,0.4436601141,0.3,,,0.6858401754195147,1.2840157840978526e-14,8.513181640339702e-15,1.5022682730436155e-05,2.122746335815283e-06,1.2501682814555905e-08,3.776956830758598e-12,0.019972697339797955,0.2887736613897916,1.067572988043598e-09,1.2401275843918236e-09,5.816275665108227e-13,2.0773250303968987e-12,-1.2242818606529827e-15,-1.7574727496367834e-15,8.496900229594388e-17,-3.798836075696461e-15,1.6590214820242619e-15,-4.481109717974925e-16,-1.7563432420866671e-15,4.508827835599091e-16,-8.46598592167058e-16,-5.807998296508637e-16,-4.780586001573887e-17,-1.733980762345597e-15,-5.227847368829746e-16,-1.6187231298613402e-15,-6.805465314657524e-16,-1.6309750102324507e-15,-8.484315748082263e-16,1.3307740505096632e-14,-1.500400213853747e-15,-8.91565686362609e-16,-1.684968106960718e-15,-8.874448802235493e-16,-8.056764100679583e-16,-7.684522467321097e-16,-1.294327204032358e-15,-6.982779031083768e-16,-9.304507961568744e-16,-8.796877314893198e-16,-1.6944710828957476e-15,-8.080956834136548e-16,-8.506970187220582e-16,-9.151347618790025e-16,-4.0388954504787003e-16,-6.833196440456357e-16,-3.3936079189850777e-16,-6.149277323595895e-16,-1.0344825540601067e-15,-6.74807041959335e-16,-7.319134930813061e-16,-7.137271648728321e-16,-8.585712077959217e-16,-6.630574414249352e-16,-1.0137830737813388e-15,-1.3117325396775295e-15,-8.42323302814632e-16,-7.681509330894306e-16,2.4403268476799413e-15,0.005377368532796797,1.265488151641304e-08,1.9036449653859917e-06,8.26586033397771e-08,1.1510451824167474e-05,-7.548278954208401e-16,5.87721671916885e-13,3.735402722733046e-14,6.94804443534141e-13,-2.856159028157227e-16,-1.6774720968689525e-15,1.2937121688838763e-16,-8.79648046942795e-16,5.303182597848227e-06,1.9505496609671563e-15,8.09109755570049e-15,4.272250791000289e-14,-1.5645130742559991e-15,1.24478984545895e-07,-1.0165643773040048e-15,-1.6420247548957552e-16,-8.175086458214556e-16,-8.381738675823064e-16,-8.71644931277251e-16,-8.714654520962657e-16,-5.229656742616474e-16,-7.911466294453499e-16,-8.330001743389023e-16,-5.34808156492497e-16,-7.837129910612602e-16,5.848029996631521e-16
0,1.1002915003,899,293.8896694215,573.3909090909,101325.0,0.4429015503,0.3,,,0.6803984434286565,8.420582112849222e-15,8.561067489159928e-15,2.324607423559516e-05,5.635978397491695e-07,8.814129449347389e-09,4.422225690481487e-12,0.029860155265540787,0.2860615533159137,6.101145367085328e-10,5.409633583132543e-10,3.7373443346150064e-13,7.887578467467082e-13,4.1888260537278065e-16,-3.4049614912776386e-16,2.616034614951014e-16,4.183410398204005e-15,2.483924732101594e-16,7.776569964581162e-16,-3.38336454933383e-16,-2.8080870956789533e-16,9.168485683862263e-17,3.669965066085878e-16,-2.7139751229061873e-15,-2.5607140971848476e-16,8.776678393529609e-16,1.5328999672716675e-16,3.853003667691478e-16,-6.252467587972205e-17,2.1683800569425435e-16,8.373702227414388e-15,3.838606597395161e-16,2.3163584969156896e-16,-5.912140196174883e-17,2.0015032889137696e-16,5.879740342764308e-17,2.0057715305201857e-16,5.234974603112285e-16,1.8216501880035634e-16,6.892579031136705e-16,2.1494642714100286e-16,-7.670327012162143e-17,2.992370588824471e-16,2.714736826966867e-16,2.663422535682837e-16,-1.6087138227480566e-16,1.747377150761681e-16,-2.6973139683161945e-16,2.008375579244326e-16,4.50486159665265e-16,5.215673303060693e-16,3.273387321420775e-16,8.141769881854097e-16,7.97540942773762e-16,2.756200907283611e-16,8.681805290933488e-16,5.770432218015562e-16,7.612936286561033e-16,2.178661943862301e-16,1.5018718043069063e-14,0.003642837827486572,3.8327730156427695e-09,1.4929902118108834e-06,2.42501651865282e-07,8.714489173528366e-06,2.5512365697766564e-16,8.737588570243039e-13,1.3490408432693731e-13,1.1363057738534707e-12,7.761223539427224e-16,-1.4216999254909688e-16,2.856954519056276e-15,2.0252314481266502e-16,2.604531260697179e-06,8.540491779044841e-16,2.2736703448813964e-15,1.2906184006767956e-14,3.08110128947635e-16,1.3217224615484812e-07,3.7152514238813694e-16,-1.4368054079374358e-15,1.9879513361173678e-16,2.2859032476949773e-16,1.9370206110676125e-16,2.3076414646708547e-16,3.557617746190014e-16,1.6991904609079375e-16,2.347573239642934e-16,-1.1943158565175331e-15,2.7903791710558915e-16,1.436019259183871e-18
0,1.1499367472,862,295.1190082645,583.3253443526,101325.0,0.4288611242,0.3,,,0.6748372343715815,2.2622584422599742e-14,1.8982944944371408e-14,4.242892334532455e-05,1.777454534744624e-07,1.0641562708705368e-08,1.7944653355330724e-11,0.03966049672771846,0.2835057698697848,5.025634658846255e-10,2.663608137745862e-10,3.575780072222527e-12,5.735188912456538e-12,1.935524388193371e-15,4.806585143457332e-15,-3.2596837907537068e-15,-1.4549374203328076e-14,-6.6091219724523075e-15,-8.385223661502391e-16,4.8036879912646885e-15,-2.960890487701107e-15,1.271688286615953e-15,7.511517982118996e-16,-1.0196750690230174e-15,4.697482800313736e-15,-8.173726772129234e-15,4.324076654014757e-15,6.379369809159542e-16,4.57897114737211e-15,9.35862845477077e-16,2.5040772119117312e-14,3.0086103835008094e-15,1.5170838737217952e-15,4.452651523558584e-15,1.5007804887846267e-15,1.348525813931799e-15,1.347202408407623e-15,3.015807881748511e-15,1.2496375714214384e-15,1.7183351888821302e-15,1.3773349418019361e-15,4.598413564048181e-15,1.3053022592737586e-15,1.2588922815812257e-15,1.880660730917997e-15,8.579698427949213e-16,1.2022604023401056e-15,3.586647415960337e-16,2.23652717420887e-15,2.0303583821862444e-15,6.731073542723796e-16,1.4597740612462144e-15,-6.232970494578549e-16,2.386255464107297e-15,1.3825730426476027e-15,1.468883415045826e-15,3.1494314999175748e-15,2.436511423915291e-15,9.689735646338447e-16,1.3615331337024426e-13,0.0019461155423262648,1.1899141862792627e-09,9.388504276681664e-07,6.652875395715215e-07,4.886356029867081e-06,1.2757004295111576e-15,1.7395819317557414e-12,1.3928587873571941e-12,2.9066570432358444e-12,1.7143650730758582e-15,4.6820180724380494e-15,9.296368801720437e-15,1.3385575433177853e-15,1.133438213160654e-06,1.3791801270619653e-15,1.5246344264481947e-15,4.773612692280082e-15,3.3121920761159778e-15,1.402536056682331e-07,2.1476404076663868e-15,-7.257393283182626e-15,1.3347723678855926e-15,1.2666313143686289e-15,9.206955982600525e-16,1.2470702741618474e-15,5.904625620461924e-16,1.4056014575497264e-15,1.23109333018596e-15,2.1791418714959175e-15,1.3439204947632668e-15,-7.826988840110021e-16
0,1.2005368311,803,294.5615702479,574.682231405,101325.0,0.4043472383,0.3,,,0.6697246695333214,3.4409546321103986e-16,3.7782099802609874e-16,8.019464302456919e-05,4.363463487007342e-08,1.1394347333447646e-08,6.764383122058164e-10,0.04895843513786986,0.28070370343753137,3.596356595192655e-10,1.1938371797185734e-10,-2.9358767189747376e-13,-3.6658477992442017e-13,6.445010574852598e-16,1.0426773842240696e-15,1.257213693481119e-16,-4.807074613774917e-15,4.504129940162089e-16,3.5564249166239246e-16,1.0421979688685597e-15,3.431614479018598e-16,6.49872077745349e-16,6.518901678497164e-16,8.423130711483224e-16,1.0262553872061776e-15,2.221160488078672e-16,9.716004674744543e-16,7.896513637762703e-16,1.0315871239306383e-15,5.976038311184458e-16,4.31143045470585e-16,7.219339689636488e-16,6.908981968611981e-16,9.918904694342585e-16,6.877281638305887e-16,7.773033701759757e-16,7.476508667081486e-16,8.095998744097726e-16,7.699127847023788e-16,7.64056141885233e-16,6.693936204429903e-16,1.0122855887785877e-15,6.850602762251056e-16,6.569710186427359e-16,7.498894672925786e-16,7.290828274571509e-16,8.074597571077807e-16,1.2627140958543303e-15,1.0863625705027131e-15,6.913644095785087e-16,7.912136002318346e-16,7.885202321455662e-16,6.901324053235847e-16,7.7453987421343555e-16,8.213058086722057e-16,7.568354460347536e-16,8.168572665910162e-16,8.2246085886065135e-16,6.996887391612324e-16,5.041465958990155e-11,0.0003409077936649159,1.5442626783957884e-10,9.459650211555932e-06,0.00018125971823255703,9.908873390318152e-07,3.632222444608324e-14,3.0392836348115637e-12,1.2670348532349054e-08,7.745290947079434e-11,1.573252118991619e-12,3.4758795026416e-15,1.8959602012543638e-10,6.621180417397906e-16,1.6055798065118634e-07,8.350009184836063e-15,6.730185321105391e-16,1.322748224445708e-15,7.406187823244058e-16,1.4931010579119568e-07,7.327389857377916e-16,-5.66427220327607e-16,6.99848920751553e-16,6.645254821497119e-16,6.598054676759742e-16,6.484007467259837e-16,7.4864439921886645e-16,6.917593204382134e-16,6.562917634793724e-16,-3.9664534607253886e-17,7.141231856584906e-16,7.362354236348798e-16
0,1.2505654135,784,294.6285123967,566.4768595041,101325.0,0.3799998282,0.3,,,0.663645385674167,-2.3931882067553154e-15,-2.245695819817882e-15,5.095761560441406e-05,1.8019696720419135e-08,9.25251388110207e-09,7.442430697161727e-08,0.05604279251113363,0.27735209684281653,1.7400249225835866e-10,6.14880915937094e-11,9.631300240461076e-14,9.845157327813157e-14,2.4732376413365915e-16,7.301435664630496e-16,-2.4515926496698337e-16,-5.668172235359644e-15,-2.0157069597710733e-15,4.032342924467748e-17,7.294259675289182e-16,-5.06786279337264e-16,3.1986419309107777e-16,2.643438203436509e-16,-1.5328943610701763e-15,7.059684459066586e-16,-4.2468392601679473e-16,5.902927671020999e-16,2.067988834557913e-16,7.027579025004065e-16,2.587200450032828e-16,-2.379527808984374e-15,3.47846446894408e-16,3.4234601409680146e-16,6.421920277219571e-16,3.5030615201967864e-16,1.3059988022067074e-16,1.6239151384317728e-16,4.0500778182853136e-16,1.1788540469166294e-16,1.171267039608263e-16,3.3835582986004917e-16,6.610662780181725e-16,1.677769136789465e-16,2.4365554942801837e-16,3.7315435590286024e-16,-3.9278726128168934e-17,1.385687238086571e-16,-6.178480479636464e-17,1.1937114147777357e-16,3.648631663931182e-16,2.1443306670922808e-16,1.5687503398576874e-16,-1.7557828934914437e-16,1.4628013721031872e-16,1.6670707490567616e-16,1.1984776742433675e-16,3.9356445625728736e-16,1.3047150904395065e-16,-3.1243821952619155e-17,2.6269328319883397e-07,1.3311849549401544e-05,2.781213365577023e-10,1.1158425724280131e-05,0.002881734044230512,3.9631234995894165e-08,3.5966824314167964e-12,2.0769107384641237e-12,1.6534633257266604e-06,3.2401420722742094e-08,9.686936186731223e-09,5.162973864123469e-12,2.986113180458614e-07,6.011320529863643e-15,5.897702016229663e-09,5.994958559185498e-14,2.2148245401138076e-16,5.9055704649617396e-15,1.8374441506719416e-15,1.5843030488302882e-07,3.870845909405295e-16,9.730551620697386e-15,1.819439525454517e-16,2.948133897213829e-16,1.6340194942555188e-16,2.978529148317574e-16,-6.985896460516745e-17,8.001665896856411e-17,3.1342591373334285e-16,8.436949432200715e-15,1.6211639077897635e-16,1.6640052207470944e-16
0,1.2997257378,784,294.8111570248,536.135399449,101325.0,0.3551827151,0.3,,,0.6580424814548925,-1.1517118423869695e-14,-1.1340597656419424e-14,2.7981214701244632e-05,4.392526530055614e-08,2.8116456759132167e-09,2.1824253768378797e-08,0.060331354684441875,0.274078011319667,4.314907555730488e-10,3.453350653645747e-11,-4.5022139293269655e-13,-3.8329318789445004e-13,2.3985702508846717e-17,-2.342064927415372e-17,4.2577463643927193e-17,1.4135026062115627e-14,-1.3063323445182657e-16,1.2742146534417912e-16,-2.3037850863274342e-17,8.627908082665095e-17,5.955615555155702e-17,8.580233870772531e-17,4.58496974072699e-16,-1.0723272176301928e-17,-4.271554240478932e-17,8.716989586960332e-17,2.859635729165305e-17,-9.389189964642372e-18,4.7010043697500915e-17,-1.1383001250064856e-14,7.057651438471626e-17,7.261012889347938e-17,2.8322773866053583e-17,7.37270301578407e-17,9.142887725824343e-17,4.999617434534988e-17,9.463171342766648e-17,7.486967147052924e-17,7.70114688765596e-17,6.883541610948546e-17,5.1557114084207827e-17,4.187276899120795e-17,5.1919788549044694e-17,8.233877697849051e-17,-1.5361597222075974e-17,2.88181246400816e-17,-5.753597211949583e-17,5.120269635661037e-17,7.697667040927592e-17,3.9381166231796965e-17,5.923992770951542e-17,1.1337807911722743e-17,1.3474825590018724e-16,1.1072945314145118e-16,8.717916332158508e-17,8.941253903658208e-17,1.1755193366339967e-16,1.0667768444393116e-16,1.9241950164618406e-07,4.418463806462691e-06,5.672049543852379e-11,5.3701889394554365e-06,0.007505461978102283,1.5134667517583628e-08,2.1850608439799013e-11,1.0026890918086571e-12,2.8393372277803474e-06,3.834612817427524e-08,4.056232907762314e-08,1.46172214652824e-11,1.5561753200166396e-06,2.4458079784717722e-14,1.5406577343456783e-09,2.5703698775412626e-13,5.098421095757915e-17,5.305508475982052e-14,2.5035979494262223e-16,1.6805886740332676e-07,9.259742479787053e-17,-6.518338542719121e-14,2.956004881333304e-17,-6.302720522244622e-16,1.8788813412167514e-17,5.877531356927667e-17,3.6226368420839565e-17,1.0938088894901252e-16,6.291586582181484e-17,-4.858540413441967e-14,4.169483448074481e-17,4.2702648557435035e-17
0,1.3510737991,755,295.0409090909,517.6997245179,101325.0,0.3297208426,0.3,,,0.6519080823446481,1.4123424783359438e-15,1.0502916759315586e-15,1.768852080734516e-05,3.98235960325028e-07,1.6201691691690988e-09,5.8308237830782755e-09,0.06373124228704158,0.2710222632061899,3.749341161980515e-09,4.476674435641263e-11,1.3242733906344313e-14,2.4380667720876316e-14,8.496031969178441e-17,1.0405784933421051e-16,2.9262055450931536e-16,-3.7281154025663463e-14,2.089759249829785e-16,6.816438106421289e-17,1.0404602085700023e-16,1.836617317917529e-16,9.790700729563173e-17,7.384058692462396e-17,-1.7132905334274284e-15,8.569788549232069e-17,-7.026959585327296e-16,-1.198398703292668e-16,2.641947448280555e-16,8.419864362205999e-17,1.2236113924849962e-16,1.4113133941470728e-15,6.916960413910126e-17,5.651327223058201e-17,1.5662055129538213e-17,6.326284215690812e-17,-2.1191692270494675e-17,1.0182998499251087e-16,-4.8615691672372215e-17,1.364757977169476e-16,1.5402675885369227e-16,7.514981793668997e-17,-6.807848204370297e-17,1.2320717626530622e-16,9.755872398451576e-17,2.5032582549964432e-17,1.8143460349805218e-16,3.303511626249548e-18,2.6075325040611293e-17,2.460956410333338e-16,1.532021012805414e-16,2.6397503020558155e-16,1.8383624365998538e-16,9.428499983036409e-17,3.028832306783612e-16,1.966293236510666e-17,1.4808088014212473e-16,1.8355948468620695e-17,2.951623618905408e-16,-3.0789953749297285e-17,9.115979493302173e-08,2.1956323526094904e-06,2.6183806810377692e-11,2.7867337373382078e-06,0.013308166918492341,8.014221727806265e-09,3.4734372398357743e-10,5.989971687138558e-13,3.3995738155335677e-06,2.886687774866254e-08,6.736754746642014e-08,2.0103234475477717e-11,3.3904452364200186e-06,5.340650253589443e-14,6.236239744238242e-10,3.1803097641271314e-12,1.1274085776426592e-16,2.0600072533276904e-13,1.1222228270792144e-16,1.784268620968516e-07,-6.751475318026313e-17,6.106283425487446e-15,1.1753075099907002e-16,1.8061288647620462e-16,2.7378853921098887e-17,8.744822978103206e-17,2.5139800758310863e-16,-7.826287474645429e-17,8.314725439168153e-17,5.80893551099015e-15,1.32248081329658e-16,1.0917566370302267e-16
