,Book number,Colour  (add new colours to formula sheet),Date,Logger no,Room Pressure in mmhg,Actual Room Pressure in Mpa,Laminar flame speed coefficient,Tracer gas type,Sheet Number,MFM_error,datalogger error,equivalence ratio error,eq,blend,N2 upper actual,N2 lower actual,Air upper actual,Air lower actual,CH4upper actual,CH4lower actual,NH3upper actual,NH3lower actual,CO2/Air upper actual ,CO2/Air lower actual,FT MFM,Hot MFM,Xtr %,start time,end time,N2 av,N2 std,Air av,Air std,CH4 av,CH4 std,NH3 av,NH3 std,Qd Ar/CO2 upper,Qd Ar/CO2 lower,T1[℃],T2[℃],T4[℃],T5[℃],T6[℃],T7[℃],T8[℃],T9[℃] (ring temps top),T10[℃] (ring temps bottom),Line temperatures all above 100?,Temp plate set to,Actual Plate temp,Uout[m/s],dT/dz[℃/mm],T0[℃],Tw[℃],Tw[K],Eps,range_CO2,x_CO,range_CO,x_H2O,range_H2O,x_NO,range_NO,x_NO2,range_NO2,x_N2O,range_N2O,x_NH3,range_NH3,x_H2,range_H2,x_O2,range_O2,x_CH4,range_CH4,x_HCN,range_HCN,x_HNCO,range_HNCO,x_HCHO,range_HCHO,,,Qd1_upper,Qd1_lower,Qd2_upper,Qd2_lower,Epsilontr1,Epsilontr2,Xitr1,Xitr2,Qs,Z,upper_eq,lower_eq,mean_eq,error_eq,upper_heat,lower_heat,mean_heat,error_heat,x_H2_dry,x_O2_dry,X_CO2,X_Xi1_CO2,Delta_Xitr1_CO2,X_Xi2_CO2,Delta_Xitr2_CO2,X_Epsilon1_CO2,Delta_Epsilontr1_CO2,X_Epsilon2_CO2,Delta_Epsilontr2_CO2,X_Q1_CO2,Delta_Qd1_CO2,X_Q2_CO2,Delta_Qd2_CO2,X_x_CO2,delta_x_CO2,delta_X_CO2,X_CO,X_Xi1_CO,Delta_Xitr1_CO,X_Xi2_CO,Delta_Xitr2_CO,X_Epsilon1_CO,Delta_Epsilontr1_CO,X_Epsilon2_CO,Delta_Epsilontr2_CO,X_Q1_CO,Delta_Qd1_CO,X_Q2_CO,Delta_Qd2_CO,X_x_CO,delta_x_CO,delta_X_CO,X_H2O,X_Xi1_H2O,Delta_Xitr1_H2O,X_Xi2_H2O,Delta_Xitr2_H2O,X_Epsilon1_H2O,Delta_Epsilontr1_H2O,X_Epsilon2_H2O,Delta_Epsilontr2_H2O,X_Q1_H2O,Delta_Qd1_H2O,X_Q2_H2O,Delta_Qd2_H2O,X_x_H2O,delta_x_H2O,delta_X_H2O,X_NO,X_Xi1_NO,Delta_Xitr1_NO,X_Xi2_NO,Delta_Xitr2_NO,X_Epsilon1_NO,Delta_Epsilontr1_NO,X_Epsilon2_NO,Delta_Epsilontr2_NO,X_Q1_NO,Delta_Qd1_NO,X_Q2_NO,Delta_Qd2_NO,X_x_NO,delta_x_NO,delta_X_NO,X_NO2,X_Xi1_NO2,Delta_Xitr1_NO2,X_Xi2_NO2,Delta_Xitr2_NO2,X_Epsilon1_NO2,Delta_Epsilontr1_NO2,X_Epsilon2_NO2,Delta_Epsilontr2_NO2,X_Q1_NO2,Delta_Qd1_NO2,X_Q2_NO2,Delta_Qd2_NO2,X_x_NO2,delta_x_NO2,delta_X_NO2,X_N2O,X_Xi1_N2O,Delta_Xitr1_N2O,X_Xi2_N2O,Delta_Xitr2_N2O,X_Epsilon1_N2O,Delta_Epsilontr1_N2O,X_Epsilon2_N2O,Delta_Epsilontr2_N2O,X_Q1_N2O,Delta_Qd1_N2O,X_Q2_N2O,Delta_Qd2_N2O,X_x_N2O,delta_x_N2O,delta_X_N2O,X_NH3,X_Xi1_NH3,Delta_Xitr1_NH3,X_Xi2_NH3,Delta_Xitr2_NH3,X_Epsilon1_NH3,Delta_Epsilontr1_NH3,X_Epsilon2_NH3,Delta_Epsilontr2_NH3,X_Q1_NH3,Delta_Qd1_NH3,X_Q2_NH3,Delta_Qd2_NH3,X_x_NH3,delta_x_NH3,delta_X_NH3,X_CH4,X_Xi1_CH4,Delta_Xitr1_CH4,X_Xi2_CH4,Delta_Xitr2_CH4,X_Epsilon1_CH4,Delta_Epsilontr1_CH4,X_Epsilon2_CH4,Delta_Epsilontr2_CH4,X_Q1_CH4,Delta_Qd1_CH4,X_Q2_CH4,Delta_Qd2_CH4,X_x_CH4,delta_x_CH4,delta_X_CH4,X_HCN,X_Xi1_HCN,Delta_Xitr1_HCN,X_Xi2_HCN,Delta_Xitr2_HCN,X_Epsilon1_HCN,Delta_Epsilontr1_HCN,X_Epsilon2_HCN,Delta_Epsilontr2_HCN,X_Q1_HCN,Delta_Qd1_HCN,X_Q2_HCN,Delta_Qd2_HCN,X_x_HCN,delta_x_HCN,delta_X_HCN,X_HNCO,X_Xi1_HNCO,Delta_Xitr1_HNCO,X_Xi2_HNCO,Delta_Xitr2_HNCO,X_Epsilon1_HNCO,Delta_Epsilontr1_HNCO,X_Epsilon2_HNCO,Delta_Epsilontr2_HNCO,X_Q1_HNCO,Delta_Qd1_HNCO,X_Q2_HNCO,Delta_Qd2_HNCO,X_x_HNCO,delta_x_HNCO,delta_X_HNCO,X_HCHO,X_Xi1_HCHO,Delta_Xitr1_HCHO,X_Xi2_HCHO,Delta_Xitr2_HCHO,X_Epsilon1_HCHO,Delta_Epsilontr1_HCHO,X_Epsilon2_HCHO,Delta_Epsilontr2_HCHO,X_Q1_HCHO,Delta_Qd1_HCHO,X_Q2_HCHO,Delta_Qd2_HCHO,X_x_HCHO,delta_x_HCHO,delta_X_HCHO,X_H2,X_Xi1_H2,Delta_Xitr1_H2,X_Xi2_H2,Delta_Xitr2_H2,X_Epsilon1_H2,Delta_Epsilontr1_H2,X_Epsilon2_H2,Delta_Epsilontr2_H2,X_Q1_H2,Delta_Qd1_H2,X_Q2_H2,Delta_Qd2_H2,X_x_H2,delta_x_H2,delta_X_H2,X_O2,X_Xi1_O2,Delta_Xitr1_O2,X_Xi2_O2,Delta_Xitr2_O2,X_Epsilon1_O2,Delta_Epsilontr1_O2,X_Epsilon2_O2,Delta_Epsilontr2_O2,X_Q1_O2,Delta_Qd1_O2,X_Q2_O2,Delta_Qd2_O2,X_x_O2,delta_x_O2,delta_X_O2
0,12,dark green,2020-02-20,1,768,0.102391296,2.1,2,1,0.01699761390211087,6.813140497843665e-05,0.016997750446855524,0.9995280634951087,0.2084181195582348,4.5,4.5,14.72,14.71,0.6373,0.6374,2.42,2.42,0.899,0.899,0.2,2.88,1.485,299,375,4.501157090909092,0.001594865925579422,14.701879636363643,0.00408578281782712,0.6367226855844158,0.00012342461921195666,2.4183028896103886,0.0005434505811029707,0.8996288,0.8981152,23.555844155844145,118.29610389610396,192.16883116883113,321.82207792207794,314.58181818181833,316.14675324675346,199.7922077922078,x,x,YES,140,140.1,6.313427904043512e-05,2.8376623376622376,280.6272727272742,323.1922077922078,596.3422077922078,28050.652879581146,40000,1912.5352879581155,5000,203459.99214659687,350000,3956.7560994764376,5000,2.3373036649214645,1000,5.247853403141358,1000,3.6636963350785314,20,-1.4882176088561716,20,-3.0280416268965484,25,-0.6297643979057584,1000,0.016146596858638746,500,1.942746073298429,500,-0.0006020942408376956,1000,,,0.8996288,0.8981152,,,28050.652879581146,,14850.000000000002,,-0.42336581470154566,-1.1249443596058857,,,,,0.9998707793963895,0.0003369508729495025,0.5001038651346695,0.49976691426172,-1.8683526178010461,-3.801493455497386,-31555.423740147406,4.515388531420868,297.00000000000006,,,2.3904441718149823,800.0,,,0.0,0.0,,,0,0,2335.7167503560463,-2151.4957847357005,0.3078659146457889,297.00000000000006,,,0.16298404361981583,800.0,,,0.0,0.0,,,1.1249443596058857,50.0,168.89391627480933,-228881.17057077194,32.75149847975451,297.00000000000006,,,17.338625040645287,800.0,,,0.0,0.0,,,1.1249443596058857,3500.0,17393.175786006763,-4451.1304564422035,0.636929599817295,297.00000000000006,,,0.3371901751410524,800.0,,,0.0,0.0,,,1.1249443596058857,50.0,334.23724109336285,-2.6293365745395665,0.00037624201505544186,297.00000000000006,,,0.0001991823130662455,800.0,,,0.0,0.0,,,1.1249443596058857,10.0,11.251127010897267,-5.903543085902422,0.0008447609819581601,297.00000000000006,,,0.00044721599300850197,800.0,,,0.0,0.0,,,1.1249443596058857,10.0,11.257927446844063,-4.121454527455349,0.0005897549866322145,297.00000000000006,,,0.0003122159612143459,800.0,,,0.0,0.0,,,1.1249443596058857,0.2,0.37906000077831736,0.7084499073046796,0.0001013748575481745,297.00000000000006,,,5.366779308321292e-05,800.0,,,0.0,0.0,,,1.1249443596058857,10.0,11.249565817448083,-0.01816402306295577,2.59916083201206e-06,297.00000000000006,,,1.375994295786082e-06,800.0,,,0.0,0.0,,,1.1249443596058857,5.0,5.624721958718136,-2.1854812373035504,0.00031272902547021354,297.00000000000006,,,0.0001655585717797388,800.0,,,0.0,0.0,,,1.1249443596058857,5.0,5.627047562120762,0.0006773225201815534,9.692071844402933e-08,297.00000000000006,,,5.1309774324059395e-08,800.0,,,0.0,0.0,,,1.1249443596058857,10.0,11.249443596170575,1.6741620049489083,0.00023956236427492684,297.00000000000006,,,0.0001268241821234852,800.0,,,0.0,0.0,,,1.1249443596058857,0.2,0.25685855441386063,3.4063783488291017,0.0004874319501028963,297.00000000000006,,,0.0002580462027069972,800.0,,,0.0,0.0,,,1.1249443596058857,0.25,0.3777135497012477
1,12,dark green,2020-02-20,1,768,0.102391296,2.1,2,2,0.016995495970816024,6.045089091436801e-05,0.016995603478671652,0.9996517359848555,0.20836668337420822,4,4,14.72,14.71,0.6373,0.6373,2.422,2.42,0.902,0.9,x,x,1.485,990,1107,3.997340067796613,0.0014553509385501426,14.705530830508472,0.0036256390637514828,0.6368429389830508,0.00014962930792599517,2.4195139059322033,0.0018013591827223804,0.9023808,0.8964639999999999,23.450847457627134,118.95762711864404,193.1822033898307,322.65254237288127,315.38813559322085,316.9118644067796,200.75084745762717,x,x,YES,140,140,7.40536701476087e-05,2.8703389830508286,281.0031073446331,324.05819209039555,597.2081920903955,28054.90981387479,40000,1881.6541962774952,5000,203614.372250423,350000,3959.877005076139,5000,2.3003891708967843,1000,5.2125042301184425,1000,1.6845128595600685,20,-1.4748134730639788,20,-3.0257902491161675,25,-0.57648054145516,1001,-0.03155329949238578,501,1.853111675126903,501,-0.030338409475465313,1001,-0.8996288,0.9043710068452402,0.9023808,0.8964639999999999,,,28054.90981387479,,14850.000000000002,,-0.424733394647346,-1.1245817055408185,,,,,0.9998434268358932,0.0011157999457494946,0.5004796133908214,0.49936381344507186,-1.8518835871404413,-3.799403384094753,-31550.03832728116,4.513847423518734,297.00000000000006,,,2.389265717977915,800.0,,,0.0,0.0,,,0,0,2334.6820768818848,-2116.0738852877835,0.30274558008451885,297.00000000000006,,,0.1602490221526816,800.0,,,0.0,0.0,,,1.1245817055408185,50.0,166.37768876214707,-228980.99801800383,32.76019119902554,297.00000000000006,,,17.34059537289734,800.0,,,0.0,0.0,,,1.1245817055408185,3500.0,17395.5895015743,-4453.2052361003925,0.6371177357331633,297.00000000000006,,,0.3372385952550224,800.0,,,0.0,0.0,,,1.1245817055408185,50.0,334.29707865204347,-2.586975577214735,0.0003701172379819074,297.00000000000006,,,0.00019591012840515756,800.0,,,0.0,0.0,,,1.1245817055408185,10.0,11.247446306067655,-5.861886897245329,0.0008386570816051756,297.00000000000006,,,0.0004439172232048167,800.0,,,0.0,0.0,,,1.1245817055408185,10.0,11.254179786429768,-1.894372344609503,0.0002710268570262503,297.00000000000006,,,0.0001434596957730851,800.0,,,0.0,0.0,,,1.1245817055408185,0.2,0.2650253567196527,0.6482994705207384,9.275186496836094e-05,297.00000000000006,,,4.9095334966964414e-05,800.0,,,0.0,0.0,,,1.1245817055408185,10.01,11.25716509578571,0.03548426335858744,5.076714933754025e-06,297.00000000000006,,,2.6872022496740628e-06,800.0,,,0.0,0.0,,,1.1245817055408185,5.01,5.634154956642722,-2.0839754881718155,0.000298153279256925,297.00000000000006,,,0.0001578182295483852,800.0,,,0.0,0.0,,,1.1245817055408185,5.01,5.636264434255557,0.03411802027131451,4.881247252370747e-06,297.00000000000006,,,2.5837374697906458e-06,800.0,,,0.0,0.0,,,1.1245817055408185,10.01,11.257063155582106,1.6585482508928673,0.00023728762771742148,297.00000000000006,,,0.0001256008768155449,800.0,,,0.0,0.0,,,1.1245817055408185,0.2,0.25622329422173623,3.4027483589598377,0.0004868294216838459,297.00000000000006,,,0.00025768811805018687,800.0,,,0.0,0.0,,,1.1245817055408185,0.25,0.3774209383304944
2,12,dark green,2020-02-20,1,768,0.102391296,2.1,2,3,0.01697316339164171,0.0003906410742825336,0.01697765814146,0.9989528114400608,0.20834088438743148,3.5,3.5,14.73,14.72,0.6372,0.6371,2.421,2.42,0.901,0.9,0.3,2.91,1.485,1870,1965,3.503559583333334,0.0016038632811313435,14.71458581250001,0.02346016365192283,0.6367310197916664,0.00034662377170578326,2.4194671031250006,0.000880012974240833,0.9008672,0.8993536,23.488541666666663,119.16875000000006,193.20416666666688,322.43541666666704,315.19583333333316,316.7072916666663,200.76979166666658,x,x,YES,140,140,0.0003278649130309585,2.864062500000358,280.8800347222175,323.84097222222283,596.9909722222228,28011.629166666666,40000,1846.753270833335,5000,204484.78541666668,350000,3947.3335833333326,5000,2.3827708333333346,1000,5.053812499999993,1000,1.3869641666666659,20,-1.4866962885213542,20,-3.0180766666458503,25,-0.522541666666666,1002,0.024337500000000043,502,2.2550104166666682,502,-0.04429166666666665,1002,-0.9023808,0.33889361619535874,0.9008672,0.8993536,,,28011.629166666666,,14850.000000000002,,-0.4232841990112737,-1.1282797753950804,,,,,0.9996373581782058,0.0005455057148712131,0.5000914319465385,0.49954592623166727,-1.8688470833333346,-3.793864166666664,-31604.954664616947,4.529574802355734,297.00000000000006,,,2.4012950269606534,800.0,,,0.0,0.0,,,0,0,2345.2436277506063,-2083.654365625965,0.2986262252710712,297.00000000000006,,,0.15831279997639344,800.0,,,0.0,0.0,,,1.1282797753950804,50.0,164.58763717911097,-230716.04776162788,33.065878674084715,297.00000000000006,,,17.529444481382498,800.0,,,0.0,0.0,,,1.1282797753950804,3500.0,17569.805462121196,-4453.69664881279,0.6382971382769769,297.00000000000006,,,0.33838490603369137,800.0,,,0.0,0.0,,,1.1282797753950804,50.0,335.266632670138,-2.688432140651283,0.000385302070873416,297.00000000000006,,,0.0002042628694827572,800.0,,,0.0,0.0,,,1.1282797753950804,10.0,11.284561284572357,-5.702114432388842,0.0008172185066290619,297.00000000000006,,,0.00043323773677122747,800.0,,,0.0,0.0,,,1.1282797753950804,10.0,11.290728938004689,-1.5648836184476906,0.00022427677818109704,297.00000000000006,,,0.00011889740993546133,800.0,,,0.0,0.0,,,1.1282797753950804,0.2,0.2537813023835152,0.5895731943012369,8.449674784824218e-05,297.00000000000006,,,4.479484924209829e-05,800.0,,,0.0,0.0,,,1.1282797753950804,10.02,11.305447999056401,-0.027459509033677817,3.935455738629966e-06,297.00000000000006,,,2.086330551176915e-06,800.0,,,0.0,0.0,,,1.1282797753950804,5.0200000000000005,5.6639648390057635,-2.544282646430235,0.0003646427810967098,297.00000000000006,,,0.00019331061635393307,800.0,,,0.0,0.0,,,1.1282797753950804,5.0200000000000005,5.6671102296499996,0.04997339171854042,7.162111710603741e-06,297.00000000000006,,,3.796900147065666e-06,800.0,,,0.0,0.0,,,1.1282797753950804,10.02,11.305363957633904,1.677409354493573,0.0002404037982644571,297.00000000000006,,,0.00012744693937600103,800.0,,,0.0,0.0,,,1.1282797753950804,0.2,0.2577089484304715,3.405234863568313,0.0004880331643503478,297.00000000000006,,,0.00025872441932891263,800.0,,,0.0,0.0,,,1.1282797753950804,0.25,0.37869945959971973
3,12,dark green,2020-02-20,1,768,0.102391296,2.1,2,4,0.01699750195438221,7.099292998368343e-05,0.016997650210700734,0.9994237531423594,0.20833616784803466,3.8,3.8,14.72,14.71,0.6373,0.6371,2.24,2.24,0.901,0.9,0.3,2.91,1.485,2323,2384,3.799332000000002,0.0013858834904783362,14.70044235483871,0.004257414154373817,0.636408197419355,0.00013896684266560876,2.4183095887096777,0.0004636854887673156,0.9010048,0.8996288,23.58548387096775,119.16451612903232,192.9338709677418,322.2725806451614,315.04032258064524,316.59032258064497,200.5435483870967,x,x,YES,140,140,6.456754183756815e-05,2.841129032258209,281.0330645161271,323.65000000000026,596.8000000000002,27822.154152823907,40000,1838.2860797342196,5000,208934.06644518272,350000,3926.447076411961,5000,2.220730897009967,1000,5.176179401993359,1000,1.202480066445183,20,-1.4631973379067884,20,-2.9841151564524186,25,-0.688139534883721,1003,0.024956810631229225,503,2.115857142857143,503,-0.031063122923588028,1003,-0.9008672,-0.010722123470114475,0.9010048,0.8996288,,,27822.154152823907,,14850.000000000002,,-0.42009590967807797,-1.1447597542438477,,,,,0.9998545100850232,0.00028765107990115914,0.5000710805824622,0.49978342950256105,-1.849652823920265,-3.772271096345515,-31849.682350521143,4.599994403424129,297.00000000000006,,,2.4552346491802823,800.0,,,0.0,0.0,,,0,0,2392.5992759082146,-2104.3959208664314,0.30393425441543714,297.00000000000006,,,0.16222409139412872,800.0,,,0.0,0.0,,,1.1447597542438477,50.0,168.12865397302127,-239179.3105569551,34.54425315355878,297.00000000000006,,,18.437902274302544,800.0,,,0.0,0.0,,,1.1447597542438477,3500.0,18408.845416173433,-4494.838590244831,0.6491817447932164,297.00000000000006,,,0.3464990114433963,800.0,,,0.0,0.0,,,1.1447597542438477,50.0,342.476451215758,-2.542203355902849,0.0003671660232218235,297.00000000000006,,,0.00019597387804318048,800.0,,,0.0,0.0,,,1.1447597542438477,10.0,11.449190395581553,-5.925481860147984,0.0008558070719291155,297.00000000000006,,,0.00045678472444440286,800.0,,,0.0,0.0,,,1.1447597542438477,10.0,11.45624858904602,-1.3765507853469132,0.0001988128433727152,297.00000000000006,,,0.00010611582079043148,800.0,,,0.0,0.0,,,1.1447597542438477,0.2,0.2512217269754507,0.7877544448389642,0.00011377400872170473,297.00000000000006,,,6.072657135881153e-05,800.0,,,0.0,0.0,,,1.1447597542438477,10.03,11.482092832761891,-0.028569552404916213,4.126250922210425e-06,297.00000000000006,,,2.202375339387785e-06,800.0,,,0.0,0.0,,,1.1447597542438477,5.03,5.758141963813634,-2.422148102872233,0.00034982665116891926,297.00000000000006,,,0.00018671903481388678,800.0,,,0.0,0.0,,,1.1447597542438477,5.03,5.761015720295732,0.03555981296405306,5.135842135605362e-06,297.00000000000006,,,2.7412419360058295e-06,800.0,,,0.0,0.0,,,1.1447597542438477,10.03,11.481940645810235,1.6750094249524272,0.00024191870724694247,297.00000000000006,,,0.00012912345977539858,800.0,,,0.0,0.0,,,1.1447597542438477,0.2,0.2612509005637986,3.416094933135812,0.0004933806686374421,297.00000000000006,,,0.00026334060580001376,800.0,,,0.0,0.0,,,1.1447597542438477,0.25,0.3843953785406491
4,12,dark green,2020-02-20,1,768,0.102391296,2.1,2,5,0.016984495829253602,0.00012143227492592591,0.01698492991952945,0.9992110532142655,0.20841361940807465,4,4,14.73,14.71,0.6373,0.6373,2.419,2.419,0.901,0.9,x,x,1.485,2505,2606,3.9953303529411786,0.0017413902130766765,14.708568823529413,0.007287815711839719,0.6368001471568627,0.00013786487510198664,2.418663065686275,0.0003648616622410241,0.9021056,0.8993536,23.543137254901932,119.23039215686251,192.905882352941,322.342156862745,315.12156862745064,316.7029411764706,200.57941176470595,x,x,YES,140,140,0.00010348508183981757,2.81960784313722,281.4006535947716,323.6947712418299,596.8447712418299,27882.605283757326,40000,1837.0378473581225,5000,208500.7808219178,350000,3931.0412524461826,5000,2.2240313111545973,1000,5.209765166340502,1000,1.5309205479452046,20,-1.4724165490118655,20,-2.987200765620945,25,-0.5409980430528372,1004,0.027283757338551838,504,2.0613189823874767,504,-0.0573581213307241,1004,-0.9010048,0.20751510181727095,0.9021056,0.8993536,,,27882.605283757326,,14850.000000000002,,-0.4216530732842187,-1.1394498395886903,,,,,0.9998556847032607,0.00022621949715663332,0.5000409521002087,0.49981473260305204,-1.8602880626223097,-3.7741045009784706,-31770.830117892052,4.577245616116072,297.00000000000006,,,2.4377957765273823,800.0,,,0.0,0.0,,,0,0,2377.2894835716356,-2093.2124804905657,0.30157057950239624,297.00000000000006,,,0.1606135101090922,800.0,,,0.0,0.0,,,1.1394498395886903,50.0,166.66704455460174,-237576.18126165093,34.22776585120085,297.00000000000006,,,18.229369806645238,800.0,,,0.0,0.0,,,1.1394498395886903,3500.0,18218.766607621128,-4479.224324516327,0.6453249671763107,297.00000000000006,,,0.3436936995321137,800.0,,,0.0,0.0,,,1.1394498395886903,50.0,339.9709268357531,-2.5341721207353305,0.0003650999418988103,297.00000000000006,,,0.00019444862063717192,800.0,,,0.0,0.0,,,1.1394498395886903,10.0,11.39607609419024,-5.936266083081431,0.0008552419878252089,297.00000000000006,,,0.00045549343004194743,800.0,,,0.0,0.0,,,1.1394498395886903,10.0,11.403152928622452,-1.7444071727791932,0.00025131795595823605,297.00000000000006,,,0.00013384945947478871,800.0,,,0.0,0.0,,,1.1394498395886903,0.2,0.2626237132837053,0.6164401333743507,8.881095922315053e-05,297.00000000000006,,,4.729983913060166e-05,800.0,,,0.0,0.0,,,1.1394498395886903,10.040000000000001,11.44016937773447,-0.031088472922789642,4.47893793991378e-06,297.00000000000006,,,2.385438079793266e-06,800.0,,,0.0,0.0,,,1.1394498395886903,5.04,5.742827662667058,-2.3487695838225324,0.000338388869315819,297.00000000000006,,,0.0001802225673749077,800.0,,,0.0,0.0,,,1.1394498395886903,5.04,5.745515817861963,0.06535670214940222,9.415985584483796e-06,297.00000000000006,,,5.014860860618327e-06,800.0,,,0.0,0.0,,,1.1394498395886903,10.040000000000001,11.440077434740086,1.677744800579303,0.0002417138615804814,297.00000000000006,,,0.0001287344137300233,800.0,,,0.0,0.0,,,1.1394498395886903,0.2,0.26018057568096603,3.4037654332059986,0.0004903828558969765,297.00000000000006,,,0.0002611730624150912,800.0,,,0.0,0.0,,,1.1394498395886903,0.25,0.38211776543016257
5,12,dark green,2020-02-20,1,768,0.102391296,2.1,2,6,0.01694803843700226,8.01128756476419e-05,0.016948227781539597,0.9980122495845528,0.20849041537875232,4.2,4.2,14.73,14.72,0.6373,0.6372,2.421,2.419,0.9,0.9,x,x,1.485,2827,2940,4.202710736842106,0.0013395178438635107,14.722526368421045,0.00481835501299035,0.6368137994736841,0.00013959894363930127,2.4175894368421043,0.001555970743591852,0.9010048,0.8990783999999999,23.55438596491225,119.31403508771909,193.07192982456132,322.4815789473688,315.25087719298205,316.78333333333296,200.67631578947376,x,x,YES,140,140,8.653050923567461e-05,2.8491228070179204,281.1333333333283,323.87017543859713,597.0201754385971,28036.26994535519,40000,1782.1980327868848,5000,206148.54098360657,350000,3958.8960473588336,5000,2.364826958105647,1000,5.256684881602907,1000,1.330461384335153,20,-1.489511590126541,20,-3.004750040705772,25,-0.5282331511839715,1005,0.013322404371584686,505,2.2677504553734056,505,-0.07542805100182151,1005,-0.9021056,-0.11559680069929956,0.9010048,0.8990783999999999,,,28036.26994535519,,14850.000000000002,,-0.4237686588842782,-1.1261713935433921,,,,,0.9998538048808004,0.0009639917457304126,0.5004088983132654,0.49944490656753504,-1.8763102003643,-3.7850280510018215,-31573.645194119377,4.52060479472225,297.00000000000006,,,2.394433401178858,800.0,,,0.0,0.0,,,0,0,2339.2192490130133,-2007.060442153898,0.2873639392067454,297.00000000000006,,,0.15220835387651663,800.0,,,0.0,0.0,,,1.1261713935433921,50.0,159.0028486994433,-232158.5896764453,33.23966007646035,297.00000000000006,,,17.606085014073464,800.0,,,0.0,0.0,,,1.1261713935433921,3500.0,17645.952384028824,-4458.395478547524,0.6383375708815453,297.00000000000006,,,0.3381089191275033,800.0,,,0.0,0.0,,,1.1261713935433921,50.0,335.0774459951754,-2.6632004708988175,0.000381307788316253,297.00000000000006,,,0.00020196768926582757,800.0,,,0.0,0.0,,,1.1261713935433921,10.0,11.263442287907713,-5.919928138533227,0.0008475947380459212,297.00000000000006,,,0.0004489463785487342,800.0,,,0.0,0.0,,,1.1261713935433921,10.0,11.27025134675809,-1.4983275512523897,0.00021452533182698662,297.00000000000006,,,0.00011362785362817252,800.0,,,0.0,0.0,,,1.1261713935433921,0.2,0.2511039269696412,0.5948810639846706,8.517300342120288e-05,297.00000000000006,,,4.511367251314425e-05,800.0,,,0.0,0.0,,,1.1261713935433921,10.05,11.31810831760108,-0.015003310696496104,2.1481218862850908e-06,297.00000000000006,,,1.137797933659091e-06,800.0,,,0.0,0.0,,,1.1261713935433921,5.05,5.68716564602187,-2.5538756905365303,0.0003656550461875183,297.00000000000006,,,0.0001936768852086274,800.0,,,0.0,0.0,,,1.1261713935433921,5.05,5.690312169174744,0.08494491330898339,1.2162117488524163e-05,297.00000000000006,,,6.44192130610104e-06,800.0,,,0.0,0.0,,,1.1261713935433921,10.05,11.31802425482314,1.6774453431518406,0.0002401707948041766,297.00000000000006,,,0.00012721151243704927,800.0,,,0.0,0.0,,,1.1261713935433921,0.2,0.2572460395788212,3.3838635405911837,0.0004844898221992884,297.00000000000006,,,0.00025662022350627945,800.0,,,0.0,0.0,,,1.1261713935433921,0.25,0.3769857149653121
6,12,dark green,2020-02-20,1,768,0.102391296,2.1,2,7,0.01695962244499748,7.505491546306116e-05,0.016959788522183803,0.9986120457591128,0.2082591364548244,4.5,4.5,14.73,14.72,0.6373,0.6372,2.42,2.419,0.9,0.9,0.3,2.9,1.485,3303,3418,4.50772924137931,0.0014375947461898533,14.721311379310333,0.004511063088154506,0.6366192612068965,0.00014272781406614462,2.4202418784482753,0.0005511435982385609,0.9000416,0.8983904,23.467241379310344,119.4646551724138,193.01810344827572,322.6879310344826,315.31637931034504,316.85689655172416,200.58706896551723,x,x,YES,140,140,6.91216695798131e-05,2.915517241379206,280.3853448275876,324.11810344827563,597.2681034482756,27724.57670549085,40000,1825.932129783695,5000,213476.7537437604,350000,3916.4349584026595,5000,1.8912811980033275,1000,5.250232945091526,1000,1.5989009983361069,20,-1.4575873664748227,20,-2.949264692000234,25,-0.5931281198003332,1006,0.047584026622296195,506,2.0394359400998305,506,-0.024575707154742086,1006,-0.9010048,0.04331300735148691,0.9000416,0.8983904,,,27724.57670549085,,14850.000000000002,,-0.41795605178844,-1.1534359800479235,,,,,0.9998506924454786,0.0003417745728869533,0.5000962335091828,0.49975445893629583,-1.8532031613976718,-3.749748918469219,-31978.524303711667,4.6372865201649605,297.00000000000006,,,2.4838505401170368,800.0,,,0.0,0.0,,,0,0,2417.720533988364,-2106.0958156180486,0.30541026981685404,297.00000000000006,,,0.1635856357685006,800.0,,,0.0,0.0,,,1.1534359800479235,50.0,169.3526959004731,-246231.7686718835,35.706690241674806,297.00000000000006,,,19.125426358046294,800.0,,,0.0,0.0,,,1.1534359800479235,3500.0,19048.927634977972,-4517.35699453912,0.6550733391758714,297.00000000000006,,,0.3508742149644829,800.0,,,0.0,0.0,,,1.1534359800479235,50.0,346.3676011762463,-2.181471782165179,0.00031634072896793004,297.00000000000006,,,0.00016944027225647022,800.0,,,0.0,0.0,,,1.1534359800479235,10.0,11.535538895682182,-6.05580758250154,0.0008781679418455117,297.00000000000006,,,0.00047036945144136763,800.0,,,0.0,0.0,,,1.1534359800479235,10.0,11.543443129276968,-1.8442299400154107,0.0002674364382700881,297.00000000000006,,,0.000143245869918882,800.0,,,0.0,0.0,,,1.1534359800479235,0.2,0.2695512773874966,0.6841353141558795,9.920818860098721e-05,297.00000000000006,,,5.313847047601217e-05,800.0,,,0.0,0.0,,,1.1534359800479235,10.06,11.603681239755112,-0.05488512838171469,7.95903099169925e-06,297.00000000000006,,,4.2630627505063416e-06,800.0,,,0.0,0.0,,,1.1534359800479235,5.0600000000000005,5.836387534173757,-2.352358792314006,0.000341121485612866,297.00000000000006,,,0.00018271348613044141,800.0,,,0.0,0.0,,,1.1534359800479235,5.0600000000000005,5.839095175636564,0.0283465048674007,4.110598214819142e-06,297.00000000000006,,,2.201742668192832e-06,800.0,,,0.0,0.0,,,1.1534359800479235,10.06,11.603566157194473,1.681233712555359,0.00024379994393846852,297.00000000000006,,,0.00013058555252059924,800.0,,,0.0,0.0,,,1.1534359800479235,0.2,0.26338800413615876,3.401788010438027,0.0004933018651968274,297.00000000000006,,,0.000264225231497297,800.0,,,0.0,0.0,,,1.1534359800479235,0.25,0.3863908182441604
7,12,dark green,2020-02-20,1,768,0.102391296,2.1,2,8,0.01698472380040214,5.7991960067005375e-05,0.01698482280282545,0.9991919163188316,0.20833670791159833,4,4,14.72,14.71,0.6373,0.6372,2.42,2.419,0.9,0.9,0.3,2.9,1.485,3800,3923,4.007833225806453,0.0014342715487055434,14.70808974193549,0.0034803683383025884,0.6365927865322581,0.00014479412689682138,2.4190030943548386,0.0004900591335319725,0.9022432,0.9000416,23.46935483870968,119.66451612903239,193.09112903225775,322.6354838709671,315.33387096774237,316.8411290322583,200.65725806451596,x,x,YES,140,140,5.465064245139703e-05,2.897177419354392,280.60685483871555,324.0645161290314,597.2145161290314,28007.966319444444,40000,1874.6794270833323,5000,203036.14236111112,350000,3958.341250000001,5000,2.2051388888888876,1000,5.14697916666667,1000,1.1804232638888879,20,-1.4829045619903236,20,-3.02780350350386,25,-0.5725520833333338,1007,-0.004564236111111144,507,1.951965277777778,507,-0.04428819444444437,1007,-0.9000416,0.09979426913774303,0.9022432,0.9000416,,,28007.966319444444,,14850.000000000002,,-0.42386817743728483,-1.128593860135903,,,,,0.999848453647002,0.00030391908751699527,0.5000761863672595,0.4997722672797425,-1.8606923611111112,-3.799172916666672,-31609.61882301816,4.530911821408264,297.00000000000006,,,2.4023179612723613,800.0,,,0.0,0.0,,,0,0,2346.141739259249,-2115.751691129341,0.3032711151050551,297.00000000000006,,,0.16079625374954393,800.0,,,0.0,0.0,,,1.128593860135903,50.0,166.86721584051676,-229145.34365442913,32.845614247915776,297.00000000000006,,,17.414951375563646,800.0,,,0.0,0.0,,,1.128593860135903,3500.0,17460.399816620917,-4467.359631072676,0.6403497832808277,297.00000000000006,,,0.33951748489209527,800.0,,,0.0,0.0,,,1.128593860135903,50.0,336.34562437797905,-2.488706210746906,0.00035673028686046814,297.00000000000006,,,0.0001891406430391277,800.0,,,0.0,0.0,,,1.128593860135903,10.0,11.287450144255915,-5.8088490857474095,0.0008326384173991911,297.00000000000006,,,0.000441470128796672,800.0,,,0.0,0.0,,,1.128593860135903,10.0,11.294170956866786,-1.3322184479865815,0.00019095973122855347,297.00000000000006,,,0.00010124805122945707,800.0,,,0.0,0.0,,,1.128593860135903,0.2,0.24642708306771965,0.6461787658580204,9.262304064347323e-05,297.00000000000006,,,4.910931903687253e-05,800.0,,,0.0,0.0,,,1.128593860135903,10.07,11.36504137057677,0.0051511688512106074,7.383667602161758e-07,297.00000000000006,,,3.914867028955962e-07,800.0,,,0.0,0.0,,,1.128593860135903,5.07,5.721970883662411,-2.2029760276984724,0.0003157738213188922,297.00000000000006,,,0.00016742526726512303,800.0,,,0.0,0.0,,,1.128593860135903,5.07,5.7243066149155615,0.049983384326504926,7.164601009172492e-06,297.00000000000006,,,3.7987165427411837e-06,800.0,,,0.0,0.0,,,1.128593860135903,10.07,11.36494077708246,1.6735969838297997,0.0002398928123987931,297.00000000000006,,,0.0001271926788075608,800.0,,,0.0,0.0,,,1.128593860135903,0.2,0.25764155473954153,3.417160443752432,0.0004898145952640205,297.00000000000006,,,0.00025970278086991734,800.0,,,0.0,0.0,,,1.128593860135903,0.25,0.3793887913272879
8,12,dark green,2020-02-20,1,768,0.102391296,2.1,2,9,0.016907898658292148,6.907345430806332e-05,0.016908039749810366,0.9968766911772741,0.20837516790166632,3.5,3.5,14.72,14.71,0.6373,0.6371,2.42,2.418,0.902,0.9,0.3,2.88,1.485,4280,4378,3.499278464646464,0.0014875578350144476,14.740688666666664,0.004164257436806723,0.6366126264646462,0.00023357101953356212,2.4185144929292925,0.0004609279728699055,0.9034816,0.8994911999999999,23.5090909090909,119.67676767676777,193.11919191919216,322.54545454545456,315.2878787878792,316.80808080808094,200.76060606060588,x,x,YES,140,140,6.453351922825069e-05,2.868686868686808,280.9208754208764,323.9511784511785,597.1011784511785,28092.536414565817,40000,1796.7966946778727,5000,203551.20588235295,350000,3970.333809523813,5000,1.957927170868347,1000,5.1577030812324836,1000,1.162492577030813,20,-1.4971989113444506,20,-3.023781763556583,25,-0.5655602240896351,1008,-0.04262324929971986,508,2.271997198879552,508,-0.03561624649859942,1008,-0.9022432,0.1757757535791935,0.9034816,0.8994911999999999,,,28092.536414565817,,14850.000000000002,,-0.42589205229922633,-1.121386382118315,,,,,0.9997555101375558,0.0002858491264364652,0.5000206796319961,0.49973483050555967,-1.8798432773109237,-3.796580252100836,-31502.58777445698,4.500280182237033,297.00000000000006,,,2.378893800118718,800.0,,,0.0,0.0,,,0,0,2325.5755296517045,-2014.9033448469663,0.28783761057528595,297.00000000000006,,,0.15215388364956436,800.0,,,0.0,0.0,,,1.121386382118315,50.0,158.96050509804482,-228259.55034023206,32.60785869900459,297.00000000000006,,,17.236845208079874,800.0,,,0.0,0.0,,,1.121386382118315,3500.0,17301.569820800138,-4452.278266463936,0.6360271032914432,297.00000000000006,,,0.33621038501104344,800.0,,,0.0,0.0,,,1.121386382118315,50.0,333.4230766253598,-2.1955928665912037,0.00031364988605135977,297.00000000000006,,,0.00016579851456373666,800.0,,,0.0,0.0,,,1.121386382118315,10.0,11.215035110293805,-5.783777998303781,0.0008262375678651288,297.00000000000006,,,0.00043675756797935254,800.0,,,0.0,0.0,,,1.121386382118315,10.0,11.221989302179589,-1.3036033451959799,0.0001862253457362042,297.00000000000006,,,9.844060868596987e-05,800.0,,,0.0,0.0,,,1.121386382118315,0.2,0.24405189694437696,0.6342115335618994,9.059984583707649e-05,297.00000000000006,,,4.789199845917081e-05,800.0,,,0.0,0.0,,,1.121386382118315,10.08,11.303671690956435,0.04779713132633986,6.828025824917042e-06,297.00000000000006,,,3.6093637827392745e-06,800.0,,,0.0,0.0,,,1.121386382118315,5.08,5.6966439139167235,-2.547786719034487,0.0003639622929496068,297.00000000000006,,,0.00019239416372169525,800.0,,,0.0,0.0,,,1.121386382118315,5.08,5.699746860991567,0.039939573805698514,5.705539931247015e-06,297.00000000000006,,,3.0160063416376875e-06,800.0,,,0.0,0.0,,,1.121386382118315,10.08,11.30357511628195,1.6789384705040333,0.00023984358301291635,297.00000000000006,,,0.00012678375334934511,800.0,,,0.0,0.0,,,1.121386382118315,0.2,0.25624588075795013,3.390827692150055,0.00048439432257486864,297.00000000000006,,,0.0002560557574469188,800.0,,,0.0,0.0,,,1.121386382118315,0.25,0.37583599772370485
9,12,dark green,2020-02-20,1,768,0.102391296,2.1,2,10,0.016935734613493528,5.168803918436841e-05,0.016935813489527968,0.997747234714147,0.2084403795871944,3.2,3.2,14.74,14.71,0.6373,0.6371,2.42,2.419,0.901,0.9,0.3,2.89,1.485,4560,4650,3.2010140659340665,0.0018040422131190444,14.729310461538462,0.003111014269433195,0.6368246145054949,0.0001354847655418276,2.4183637120879116,0.0004434079964284701,0.9040320000000001,0.899216,23.437362637362643,119.58901098901116,193.0406593406594,322.2802197802199,315.02637362637347,316.5318681318681,200.62747252747272,x,x,YES,140,140,4.89971281524563e-05,2.874175824175893,280.5818681318672,323.6945054945056,596.8445054945056,27953.147132169568,40000,1749.8717456359109,5000,210230,350000,3952.5986533665837,5000,2.303715710723192,1000,5.293665835411475,1000,1.052216209476309,20,-1.491049127276808,20,-2.973171687102246,25,-0.515062344139651,1009,0.025922693266832903,509,2.2865536159601008,509,-0.04122194513715712,1009,-0.9034816,-0.06139206652753759,0.9040320000000001,0.899216,,,27953.147132169568,,14850.000000000002,,-0.4237685385541819,-1.1333155195626043,,,,,0.9998581582670263,0.00027489541102125,0.5000665268390238,0.49979163142800254,-1.8879536159601,-3.764604488778057,-31679.735465504677,4.551035106006665,297.00000000000006,,,2.4177195864440604,800.0,,,0.0,0.0,,,0,0,2359.663814555253,-1983.1568065732838,0.2848955685649158,297.00000000000006,,,0.15134965566435798,800.0,,,0.0,0.0,,,1.1333155195626043,50.0,158.21136534751318,-238256.9216776463,34.22742011165891,297.00000000000006,,,18.183182961649056,800.0,,,0.0,0.0,,,1.1333155195626043,3500.0,18184.45053605249,-4479.5413964626005,0.6435202142489431,297.00000000000006,,,0.34186759495853236,800.0,,,0.0,0.0,,,1.1333155195626043,50.0,338.43607652659136,-2.6108367676227884,0.00037506657208177504,297.00000000000006,,,0.00019925264833613271,800.0,,,0.0,0.0,,,1.1333155195626043,10.0,11.334823532759131,-5.999393646650164,0.0008618585571962344,297.00000000000006,,,0.00045785898503124023,800.0,,,0.0,0.0,,,1.1333155195626043,10.0,11.341961675683919,-1.1924929601348373,0.00017131068948315138,297.00000000000006,,,9.100813324511522e-05,800.0,,,0.0,0.0,,,1.1333155195626043,0.2,0.24344537514556983,0.5837281481557615,8.38569910886347e-05,297.00000000000006,,,4.454869828353291e-05,800.0,,,0.0,0.0,,,1.1333155195626043,10.09,11.435236250383674,-0.029378590588162758,4.220458130949728e-06,297.00000000000006,,,2.24210186238658e-06,800.0,,,0.0,0.0,,,1.1333155195626043,5.09,5.768576409623693,-2.5913866992795733,0.00037227242173476266,297.00000000000006,,,0.00019776826690112132,800.0,,,0.0,0.0,,,1.1333155195626043,5.09,5.771804351176643,0.0467174701704984,6.711320144742576e-06,297.00000000000006,,,3.565362557503627e-06,800.0,,,0.0,0.0,,,1.1333155195626043,10.09,11.435154121835271,1.6898291163730834,0.00024275681342541825,297.00000000000006,,,0.00012896360693564834,800.0,,,0.0,0.0,,,1.1333155195626043,0.2,0.2592655539267097,3.369541615317107,0.00048406029776215697,297.00000000000006,,,0.00025715513848154374,800.0,,,0.0,0.0,,,1.1333155195626043,0.25,0.3785053505126594
10,12,dark green,2020-02-20,1,768,0.102391296,2.1,2,11,0.01692765887674541,9.036394954402379e-05,0.016927900067369103,0.9974960265108019,0.20835808235872796,3,3,14.74,14.71,0.6373,0.6371,2.42,2.418,0.901,0.9,0.3,2.89,1.485,4820,4898,2.9921585822784795,0.001564222429979585,14.732627620253162,0.005441445764481043,0.6366210392405061,0.00013572807499927345,2.4187969797468356,0.0004819003837319085,0.9029312,0.8986656,23.444303797468354,119.55443037974695,193.09367088607607,322.42278481012687,315.1556962025318,316.7379746835442,200.7430379746833,x,x,YES,140,140,8.045844559698595e-05,2.8424050632913236,281.1542194092804,323.79029535865027,596.9402953586502,27982.2563583815,40000,1710.6271965317912,5000,207285.57225433525,350000,3954.3641040462426,5000,2.224277456647399,1000,5.20936416184971,1000,0.8326780346820819,20,-1.511237887409034,20,-2.9954969077216487,25,-0.6256936416184969,1010,0.029078034682080894,510,2.5514942196531787,510,-0.03895953757225433,1010,-0.9040320000000001,-1.2162165644686138,0.9029312,0.8986656,,,27982.2563583815,,14850.000000000002,,-0.4237515317033883,-1.130803389359832,,,,,0.9998579290270884,0.0002988475433395543,0.500078388285214,0.4997795407418744,-1.906408959537571,-3.7787843930635843,-31642.430331993506,4.540323084107348,297.00000000000006,,,2.4095196947475155,800.0,,,0.0,0.0,,,0,0,2352.46464497484,-1934.3830317692568,0.2775616108022949,297.00000000000006,,,0.14730012718146956,800.0,,,0.0,0.0,,,1.130803389359832,50.0,154.52747717475168,-234399.22767059464,33.63358038948349,297.00000000000006,,,17.84912061368588,800.0,,,0.0,0.0,,,1.130803389359832,3500.0,17870.259308324134,-4471.608331618346,0.6416241204647835,297.00000000000006,,,0.34050571429519794,800.0,,,0.0,0.0,,,1.130803389359832,50.0,337.21663036015974,-2.5152204868535453,0.0003609050732912337,297.00000000000006,,,0.00019152995633139904,800.0,,,0.0,0.0,,,1.130803389359832,10.0,11.309579902124343,-5.890766650629293,0.0008452569390632161,297.00000000000006,,,0.00044857231612521677,800.0,,,0.0,0.0,,,1.130803389359832,10.0,11.316511442893335,-0.9415951438639819,0.00013510802181482362,297.00000000000006,,,7.170094141994271e-05,800.0,,,0.0,0.0,,,1.130803389359832,0.2,0.236746892195247,0.7075364906430923,0.00010152330992310181,297.00000000000006,,,5.3877754997641065e-05,800.0,,,0.0,0.0,,,1.130803389359832,10.1,11.421235365808846,-0.03288154017441982,4.718121027005066e-06,297.00000000000006,,,2.5038758974145057e-06,800.0,,,0.0,0.0,,,1.130803389359832,5.1000000000000005,5.76709780384703,-2.8852383115158338,0.0004139983551036213,297.00000000000006,,,0.00021970621291400296,800.0,,,0.0,0.0,,,1.130803389359832,5.1000000000000005,5.771085078003533,0.044055577134596915,6.321466200579301e-06,297.00000000000006,,,3.3547606696300138e-06,800.0,,,0.0,0.0,,,1.130803389359832,10.1,11.421114702179468,1.7089129252111277,0.00024520925610509734,297.00000000000006,,,0.00013013094464306855,800.0,,,0.0,0.0,,,1.130803389359832,0.2,0.25940363532253985,3.387318056068536,0.00048604099627680766,297.00000000000006,,,0.00025793877027892645,800.0,,,0.0,0.0,,,1.130803389359832,0.25,0.37860089683088494
11,12,dark green,2020-02-20,1,768,0.102391296,2.1,2,12,0.016988621017457843,7.096397277505963e-05,0.01698876923029571,0.9991890454697044,0.20838619189665109,2.49,2.49,14.72,14.71,0.6374,0.6372,2.419,2.418,0.901,0.9,0.3,2.89,1.485,5250,5484,2.489524255319149,0.0017585898399376328,14.704673438297883,0.004257902407748714,0.6365552935744666,0.0001346884602477944,2.418135076170212,0.000528995739753722,0.9082976,0.886144,23.440000000000037,119.33446808510627,193.0782978723395,322.32851063829816,315.12893617021166,316.64765957446804,200.67106382978739,x,x,YES,140,140,6.535279941138828e-05,2.8404255319150593,281.1095035460968,323.7158865248227,596.8658865248226,28112.794333042733,40000,1793.987776809065,5000,203188.4010462075,350000,3959.670714908451,5000,2.1366608544027876,1000,5.1124411508282455,1000,1.0111863121185722,20,-1.5000041567267233,20,-3.0264303637733425,25,-0.551316477768092,1011,-0.012948561464690504,511,2.35217959895379,511,-0.06646904969485604,1011,-0.9029312,0.37279327132276985,0.9082976,0.886144,,,28112.794333042733,,14850.000000000002,,-0.42850824856770753,-1.1196735489596585,,,,,0.9998589784870252,0.00032807772677344174,0.5000935281068993,0.4997654503801259,-1.882507933740193,-3.7981755884917114,-31477.152202050933,4.493015954159233,297.00000000000006,,,2.3733424051995753,800.0,,,0.0,0.0,,,0,0,2320.7013426007616,-2008.6806608500538,0.2867169875495397,297.00000000000006,,,0.15145229658320616,800.0,,,0.0,0.0,,,1.1196735489596585,50.0,158.32159568369786,-227504.67810684553,32.47378104024659,297.00000000000006,,,17.153600696351273,800.0,,,0.0,0.0,,,1.1196735489596585,3500.0,17224.84782302433,-4433.538562073173,0.6328386813682925,297.00000000000006,,,0.3342838960434997,800.0,,,0.0,0.0,,,1.1196735489596585,50.0,331.62900715352805,-2.3923626417723454,0.000341483354295225,297.00000000000006,,,0.00018038149289641384,800.0,,,0.0,0.0,,,1.1196735489596585,10.0,11.198124652919512,-5.724265127195262,0.0008170756483062621,297.00000000000006,,,0.0004316032491685339,800.0,,,0.0,0.0,,,1.1196735489596585,10.0,11.204686302550218,-1.1321985667492307,0.00016160884539450374,297.00000000000006,,,8.536651766728281e-05,800.0,,,0.0,0.0,,,1.1196735489596585,0.2,0.2389864195952042,0.6172944772625383,8.811197140554084e-05,297.00000000000006,,,4.6543319738029853e-05,800.0,,,0.0,0.0,,,1.1196735489596585,10.11,11.319991066710505,0.01449816176909229,2.0694525259584575e-06,297.00000000000006,,,1.0931453361205928e-06,800.0,,,0.0,0.0,,,1.1196735489596585,5.11,5.721531935029977,-2.6336732793510964,0.0003759277836257481,297.00000000000006,,,0.00019857604764250935,800.0,,,0.0,0.0,,,1.1196735489596585,5.11,5.7248256875307355,0.07442363676781537,1.0623152476371696e-05,297.00000000000006,,,5.611459764734299e-06,800.0,,,0.0,0.0,,,1.1196735489596585,10.11,11.319900909814274,1.6795149776164502,0.0002397322204131422,297.00000000000006,,,0.00012663356872179876,800.0,,,0.0,0.0,,,1.1196735489596585,0.2,0.25588931194312486,3.388614026085369,0.00048368724031830633,297.00000000000006,,,0.00025549774361222094,800.0,,,0.0,0.0,,,1.1196735489596585,0.25,0.3751929054845179
12,12,dark green,2020-02-20,1,768,0.102391296,2.1,2,13,0.016982053494433914,6.729770896544817e-05,0.016982186840022905,0.9993353633092786,0.20832632716957722,2,2,14.72,14.71,0.6373,0.6372,2.421,2.42,0.9,0.9,0.3,2.89,1.485,5828,6004,1.995401039548023,0.001688165869844807,14.712514101694916,0.004039484790906002,0.6368521445762718,0.0001299551977560963,2.42014095480226,0.0006006078514646714,0.9022432,0.8977024,23.396610169491588,119.31412429378511,192.79717514124277,321.78474576271213,314.6553672316374,316.08192090395426,200.33728813559352,x,x,YES,140,140,6.3331278894099e-05,2.8514124293789394,280.43898305084167,323.2101694915258,596.3601694915258,28080.40529953918,40000,1717.3833640552996,5000,203938.3202764977,350000,3935.422903225805,5000,2.767926267281107,1000,4.939470046082952,1000,0.7566228110599076,20,-1.5068438763239973,20,-3.0209119206793145,25,-0.6990092165898614,1012,-0.05452304147465444,512,3.44492857142857,512,-0.10087557603686641,1012,-0.9082976,0.733176535754982,0.9022432,0.8977024,,,28080.40529953918,,14850.000000000002,,-0.42510224077674125,-1.122414594548909,,,,,0.9998640463934179,0.00037230072656387953,0.5001181735599909,0.499745872833427,-1.8928732718894,-3.794821428571432,-31517.856729051306,4.50464371115421,297.00000000000006,,,2.3822291166053007,800.0,,,0.0,0.0,,,0,0,2328.5039547228,-1927.6161522511704,0.27550172755731284,297.00000000000006,,,0.1456959260589175,800.0,,,0.0,0.0,,,1.122414594548909,50.0,153.0691976176231,-228903.3470661307,32.715677074360265,297.00000000000006,,,17.30131026856022,800.0,,,0.0,0.0,,,1.122414594548909,3500.0,17361.417161399688,-4417.176102302682,0.6313184529440994,297.00000000000006,,,0.3338655167621006,800.0,,,0.0,0.0,,,1.122414594548909,50.0,331.1264657276669,-3.106760839031599,0.00044402926239284034,297.00000000000006,,,0.00023481977828296833,800.0,,,0.0,0.0,,,1.122414594548909,10.0,11.22649248328901,-5.544133269060677,0.0007923871625844129,297.00000000000006,,,0.0004190448549035593,800.0,,,0.0,0.0,,,1.122414594548909,10.0,11.2316169691833,-0.849244485702262,0.00012137702968314228,297.00000000000006,,,6.418884882777111e-05,800.0,,,0.0,0.0,,,1.122414594548909,0.2,0.23308591335531303,0.7845781464246597,0.00011213468744349013,297.00000000000006,,,5.930114222970834e-05,800.0,,,0.0,0.0,,,1.122414594548909,10.120000000000001,11.358983589412981,0.06119745749034761,8.746557368808095e-06,297.00000000000006,,,4.625516460367179e-06,800.0,,,0.0,0.0,,,1.122414594548909,5.12,5.746764502591094,-3.8666381057499506,0.0005526336126250937,297.00000000000006,,,0.0002922539422042216,800.0,,,0.0,0.0,,,1.122414594548909,5.12,5.753858279031958,0.11322421877730705,1.6182406356185526e-05,297.00000000000006,,,8.557879839195154e-06,800.0,,,0.0,0.0,,,1.122414594548909,10.120000000000001,11.35883877686817,1.6913035584927059,0.00024172709470420356,297.00000000000006,,,0.00012783459918280923,800.0,,,0.0,0.0,,,1.122414594548909,0.2,0.25691532920073895,3.390715628617239,0.0004846130866089094,297.00000000000006,,,0.0002562820678468058,800.0,,,0.0,0.0,,,1.122414594548909,0.25,0.37615129456704616
13,12,dark green,2020-02-20,1,768,0.102391296,2.1,2,14,0.016995812792703385,5.987154474845481e-05,0.016995918247817345,0.9996457623272521,0.2084719109005885,1.5,1.5,14.71,14.71,0.6373,0.6373,2.42,2.419,0.9,0.9,0.3,x,1.485,6530,6603,1.4984352432432422,0.0016734939482462299,14.705168837837835,0.003590826424613325,0.6370621316216218,0.00011465575114795972,2.418803422972973,0.0003990138884345098,0.9014176,0.898528,23.329729729729724,119.22972972972978,192.9108108108106,321.7310810810808,314.7054054054053,316.095945945946,200.52972972972967,x,x,YES,140,140,5.4482547865839295e-05,2.81756756756738,280.88243243243477,323.14594594594547,596.2959459459455,27204.62254464288,40000,1685.439218749999,5000,233368.70089285713,350000,3795.7426116071406,5000,2.3212276785714283,1000,5.113035714285713,1000,1.499499107142857,20,-1.3926441077908454,20,-2.801611815191769,25,-0.5807366071428561,1013,-0.005352678571428565,513,2.833024553571428,513,-0.029642857142857196,1013,-0.9022432,0.013647483168680363,0.9014176,0.898528,,,27204.62254464288,,14850.000000000002,,-0.4093669811011917,-1.2019792548368182,,,,,0.9998799837835335,0.00024728742115736,0.5000636356023455,0.4998163481811881,-1.816576116071426,-3.65444486607143,-32699.391934326755,4.848712638731709,297.00000000000006,,,2.6467333838948908,800.0,,,0.0,0.0,,,0,0,2560.687664420194,-2025.862976225873,0.30039786173679095,297.00000000000006,,,0.16397611249599145,800.0,,,0.0,0.0,,,1.2019792548368182,50.0,169.6472580901688,-280504.33720143273,41.593584606687294,297.00000000000006,,,22.70440365036186,800.0,,,0.0,0.0,,,1.2019792548368182,3500.0,22365.50225520579,-4562.403875851909,0.6765197768897641,297.00000000000006,,,0.36928719265731236,800.0,,,0.0,0.0,,,1.2019792548368182,50.0,362.3010248513086,-2.790067515395883,0.00041371520461251437,297.00000000000006,,,0.00022583187024242127,800.0,,,0.0,0.0,,,1.2019792548368182,10.0,12.021778188089533,-6.14576285781118,0.0009113025129997883,297.00000000000006,,,0.0004974464282986987,800.0,,,0.0,0.0,,,1.2019792548368182,10.0,12.029423839971168,-1.8023668194320455,0.00026725753171687416,297.00000000000006,,,0.00014588602872481722,800.0,,,0.0,0.0,,,1.2019792548368182,0.2,0.2787679724205039,0.6980333543100322,0.00010350538487372723,297.00000000000006,,,5.649977178887658e-05,800.0,,,0.0,0.0,,,1.2019792548368182,10.13,12.176172552359047,0.006433808600666711,9.540143480308954e-07,297.00000000000006,,,5.207612436088946e-07,800.0,,,0.0,0.0,,,1.2019792548368182,5.13,6.166153597896689,-3.405236741836194,0.0005049333780021156,297.00000000000006,,,0.00027562450649799483,800.0,,,0.0,0.0,,,1.2019792548368182,5.13,6.17191701014289,0.035630099339805744,5.283282127543923e-06,297.00000000000006,,,2.8839488386681154e-06,800.0,,,0.0,0.0,,,1.2019792548368182,10.13,12.176050171188782,1.673929326935326,0.0002482126364966024,297.00000000000006,,,0.00013549012289826393,800.0,,,0.0,0.0,,,1.2019792548368182,0.2,0.2738129391849375,3.367479281966228,0.0004993346478102638,297.00000000000006,,,0.00027256836619637644,800.0,,,0.0,0.0,,,1.2019792548368182,0.25,0.39979817556486535
14,12,dark green,2020-02-20,1,768,0.102391296,2.1,2,15,0.017016205223427183,5.945942764597724e-05,0.017016309107127977,0.999886197525992,0.2084291310105478,1..0,1,14.72,14.72,0.6373,0.6373,2.42,2.418,0.901,0.9,0.3,2.91,1.485,7190,7300,0.9853003243243237,0.0018349748879240952,14.691078216216214,0.0035618356998638285,0.6365078174774771,0.00012460465016471872,2.417325465765765,0.0006255526231037072,0.8964639999999999,0.8938496,23.326126126126148,118.97027027027016,192.79189189189162,321.5918918918916,314.5621621621617,315.9675675675675,200.3531531531531,x,x,YES,140,140,5.723613920258503e-05,2.812162162162025,280.8157657657673,322.99819819819766,596.1481981981976,28079.308364312248,40000,1726.567862453531,5000,207212.34200743496,350000,3931.702304832712,5000,2.2007249070631953,1000,4.999033457249076,1000,0.620634944237919,20,-1.4931367171380987,20,-2.9961825432096,25,-0.6304089219330867,1014,0.009920074349442394,514,3.2252100371747225,514,-0.023828996282527843,1014,-0.9014176,-0.0846559482342264,0.8964639999999999,0.8938496,,,28079.308364312248,,14850.000000000002,,-0.4223607839492912,-1.1225076618562901,,,,,0.9998694913709132,0.00038796700783891904,0.500128729189376,0.4997407621815371,-1.8834005576208173,-3.7793001858736037,-31519.238778565912,4.505038774638656,297.00000000000006,,,2.3825311127823654,800.0,,,0.0,0.0,,,0,0,2328.76910817064,-1938.085654318926,0.27701021216334554,297.00000000000006,,,0.1464993936906906,800.0,,,0.0,0.0,,,1.1225076618562901,50.0,153.80010516394614,-232597.44153453174,33.245107864324176,297.00000000000006,,,17.581980488261436,800.0,,,0.0,0.0,,,1.1225076618562901,3500.0,17628.607983203747,-4413.365961312755,0.6308015533644492,297.00000000000006,,,0.3336051923332874,800.0,,,0.0,0.0,,,1.1225076618562901,50.0,330.87234140033723,-2.470330569816409,0.0003530838762123328,297.00000000000006,,,0.00018673164928866893,800.0,,,0.0,0.0,,,1.1225076618562901,10.0,11.226560378210603,-5.611453357638027,0.0008020439559418124,297.00000000000006,,,0.00042416830896282076,800.0,,,0.0,0.0,,,1.1225076618562901,10.0,11.232730553894225,-0.6966674801228154,9.957454978631584e-05,297.00000000000006,,,5.266091476121044e-05,800.0,,,0.0,0.0,,,1.1225076618562901,0.2,0.23032665573011668,0.7076388449724538,0.00010114268486741873,297.00000000000006,,,5.349023739452624e-05,800.0,,,0.0,0.0,,,1.1225076618562901,10.14,11.382347769706888,-0.01113535946343314,1.591574799909817e-06,297.00000000000006,,,8.417189437863735e-07,800.0,,,0.0,0.0,,,1.1225076618562901,5.14,5.769689440599361,-3.6203229778244364,0.0005174520713014642,297.00000000000006,,,0.00027365927818197365,800.0,,,0.0,0.0,,,1.1225076618562901,5.14,5.775886367166888,0.02674823090148256,3.823119530605919e-06,297.00000000000006,,,2.021891860472414e-06,800.0,,,0.0,0.0,,,1.1225076618562901,10.14,11.382227862789989,1.676057405186464,0.00023955856459388836,297.00000000000006,,,0.00012669274606281336,800.0,,,0.0,0.0,,,1.1225076618562901,0.2,0.25638989123737754,3.3632378610728413,0.00048070694469846904,297.00000000000006,,,0.0002542262806531599,800.0,,,0.0,0.0,,,1.1225076618562901,0.25,0.3748313874697621
15,12,dark green,2020-02-20,1,768,0.102391296,2.1,2,16,0.016962945963217353,5.2622369586994545e-05,0.016963027585452217,0.9983531606810978,0.20832604667171134,0.5,0.5,14.72,14.72,0.6373,0.6373,2.42,2.419,0.901,0.9,x,x,1.485,7430,7540,0.5035332612612613,0.0016850084634894651,14.714611837837841,0.003162168992495395,0.6363162890090094,0.00014477837188397433,2.4181087297297297,0.0004546714063414253,0.9025184,0.8997664,23.35405405405409,118.97927927927924,192.7072072072074,321.3909909909913,314.44954954955,315.81711711711716,200.2936936936935,x,x,YES,140,140,4.993533573702481e-05,2.7869369369370816,280.98903903903744,322.79309309309366,595.9430930930937,28001.23875802999,40000,1623.3148394004277,5000,209067.93790149892,350000,3929.5170021413246,5000,2.918565310492505,1000,5.007858672376873,1000,0.5317271948608134,20,-1.5177735612258694,20,-2.982199855732236,25,-0.6324839400428269,1015,-0.10028907922912207,515,3.5190728051391864,515,-0.031027837259100667,1015,-0.8964639999999999,8.311881856097408,0.9025184,0.8997664,,,28001.23875802999,,14850.000000000002,,-0.4238824955025049,-1.1291711962063475,,,,,0.9998484140977,0.000282101426382041,0.500065257762041,0.49978315633565895,-1.9189683083511777,-3.7704880085653154,-31618.192263664267,4.533369982754769,297.00000000000006,,,2.404198786548421,800.0,,,0.0,0.0,,,0,0,2347.793054396529,-1833.000359025296,0.2628129001395659,297.00000000000006,,,0.13937853252843482,800.0,,,0.0,0.0,,,1.1291711962063475,50.0,147.35365468428105,-236073.49352862992,33.84787088275854,297.00000000000006,,,17.95066593133565,800.0,,,0.0,0.0,,,1.1291711962063475,3500.0,17969.505598425436,-4437.0974138211,0.6361845123413846,297.00000000000006,,,0.3373900737002331,800.0,,,0.0,0.0,,,1.1291711962063475,50.0,334.2768042217747,-3.295559882855172,0.0004725125372355822,297.00000000000006,,,0.0002505893128008905,800.0,,,0.0,0.0,,,1.1291711962063475,10.0,11.294363288482081,-5.654729767520125,0.0008107668514029942,297.00000000000006,,,0.0004299769680683057,800.0,,,0.0,0.0,,,1.1291711962063475,10.0,11.299516180638909,-0.6004110326764304,8.608605230028036e-05,297.00000000000006,,,4.5654332928130174e-05,800.0,,,0.0,0.0,,,1.1291711962063475,0.2,0.23019289130111648,0.7141826471594627,0.00010239845933753055,297.00000000000006,,,5.430535178470478e-05,800.0,,,0.0,0.0,,,1.1291711962063475,10.15,11.46121033059671,0.11324353955958093,1.6236692430081733e-05,297.00000000000006,,,8.610864850311973e-06,800.0,,,0.0,0.0,,,1.1291711962063475,5.15,5.815237740065157,-3.973635648916242,0.000569734044975837,297.00000000000006,,,0.0003021491527929251,800.0,,,0.0,0.0,,,1.1291711962063475,5.15,5.822712414498404,0.03503574011355458,5.023372975592707e-06,297.00000000000006,,,2.6640638770368436e-06,800.0,,,0.0,0.0,,,1.1291711962063475,10.15,11.461087936759663,1.713826187699783,0.0002457258824346472,297.00000000000006,,,0.0001303167115457729,800.0,,,0.0,0.0,,,1.1291711962063475,0.2,0.2592219795886571,3.367414178423566,0.0004828149006327486,297.00000000000006,,,0.00025605300309580823,800.0,,,0.0,0.0,,,1.1291711962063475,0.25,0.3771101356030067
