,phi,grid,T_in,T,P,vel,blend,fuel,oxidizer,strain_t1,strain_t2,AR,N2,HE,H2,H,O2,O,H2O,OH,H2O2,HO2,CO,CO2,HOCO,CH4,CH3,CH2,CH2(S),C,CH,CH3O2H,CH3O2,CH3OH,CH3O,CH2OH,CH2O,HCO,HO2CHO,HOCHO,OCHO,C2H6,C2H5,C2H5O2H,C2H5O2,C2H4,C2H3,C2H2,C2H,C2H5OH,C2H5O,PC2H4OH,SC2H4OH,C2H4O2H,C2H4O1-2,C2H3O1-2,CH3CHO,CH3CO,CH2CHO,CH2CO,HCCO,HCOOH,CH3CO3,CH3CO3H,CH2OHCHO,CHOCHO,O2C2H4O2H,HO2CH2CHO,CH3OCHO,CH3OCO,C3H8,IC3H7,NC3H7,C3H6,C3H5-A,C3H5-S,C3H5-T,C3H5O,C3H6O,CH3CHCHO,AC4H7OOH,CH3CHCO,AC3H5OOH,C3H6OH1-2,C3H6OH2-1,HOC3H6O2,SC3H5OH,C3H5OH,CH2CCH2OH,C3H4-P,C3H4-A,C3H3,C3H2,C2H5CHO,CH2CH2CHO,RALD3,C2H3CHO,CH3COCH3,CH3COCH2,NC4H10,PC4H9,SC4H9,IC4H10,IC4H9,TC4H9,IC4H8,IC4H7,IC4H7O,C4H8-1,C4H8-2,C4H71-3,C4H71-4,C4H71-O,C4H6,C4H5,C4H4,C4H3,C4H2,C6H6,FULVENE,C6H5,C5H6,C5H5,MCPTD,C10H8,NO,N2O,NO2,HNO,HNO2,HONO,HONO2,N2H2,H2NN,HNNO,NH2NO,NH2OH,HNOH,NH3,N2H4,N,NO3,NH,NNH,NH2,H2NO,N2H3,HCN,HNC,HNCO,HCNO,HOCN,CH2NO,CH3NO,CH3NO2,CH3ONO,CH3ONO2,CH3CN,CN,NCN,NCO,HNCN,H2CN,HCNH,C2N2,CH2CN,CH2NH,CH3NH2,CH2NH2,CH3NH
0,0.649873961,620,297.3401876,524.0008899,101391.381,0.286398527,0.2,"NH3: 0.3879030565, CH4: 0.6120969435","O2: 0.21, N2: 0.79",28.212228760349717,28.639852700000002,5.574106333329213e-17,0.7343090410807365,-8.639226448872629e-16,3.3805034777045754e-06,4.474209334103832e-13,0.06428602286264674,6.61640097566754e-13,0.14000786723784928,8.203010028016309e-09,1.85135252032949e-07,1.9851598386959516e-12,1.2026429516073776e-05,0.05623939836635653,1.6674900552159176e-11,-1.2568714027933436e-15,-1.3085734437315882e-15,-7.153233598807134e-16,-6.615381501988102e-16,-6.66744132866988e-16,-6.664158864385142e-16,-1.3353764657036776e-15,-1.2053527186129585e-15,-1.8129675296613815e-15,-9.715644418960898e-16,-6.852619912068322e-16,-5.608169177640491e-15,-8.26061057143973e-16,-1.3766663321916591e-15,2.1331467293153036e-15,-8.479840018051952e-16,-1.3840684701342488e-15,-6.989234959294035e-16,-1.3212221153221722e-15,-1.9698484459353876e-15,-1.8597758557130517e-15,-6.937374499603384e-16,-3.074084595287614e-16,-6.633568353762425e-16,-1.3915702756916052e-15,-7.055439970922604e-16,-9.511481407462165e-16,-6.6995560241803375e-16,-7.216062382744114e-16,-2.106415565257758e-16,-6.576099411606277e-16,-2.0100124847236502e-15,-7.659850977778797e-16,-1.1622203807745994e-15,-1.9391328091778577e-15,-8.30830968311841e-16,3.14341040631399e-14,-6.139347556325707e-15,5.652609237547644e-16,-1.3819824399077859e-15,-1.3881423651182472e-15,-8.360233675007949e-16,-1.3392421181099658e-15,-1.3527503993164706e-15,-6.63234723963084e-16,-1.3709216999502322e-15,-1.1425462406434297e-15,-1.126316091036976e-15,-1.921274209525728e-15,-1.3954712878464036e-15,-6.701815568501463e-16,-6.823893205218049e-16,-9.207169512600588e-16,-1.3460577334632566e-15,-1.4966872643070596e-15,-1.3952826166856362e-15,-1.2432159856574908e-15,-1.384846375513351e-15,-8.275637870797881e-16,-8.374899719792509e-16,-2.6613247034005245e-15,-1.3331847665627193e-15,1.1411472034086298e-14,-1.424637714823884e-15,-1.2941782284291482e-15,-1.3429941992815802e-15,-1.32732447827421e-15,-6.607469694654017e-16,-1.2659633878906208e-15,-1.3069831789448066e-15,-1.160105570383294e-15,-3.206573263329053e-15,-1.695591653332728e-15,-7.532557832375938e-16,-1.3713849272819688e-15,-1.110902520055866e-15,-1.0428109857844893e-15,-1.3658861569024541e-15,-1.1774497216358442e-15,-9.716171759373244e-16,-2.509551418841909e-15,-1.3983599609068235e-15,-1.0567719379626715e-15,-1.862242946815812e-15,-1.4746904472276255e-15,-1.3657373559861087e-15,-1.0331632717460699e-15,-6.634828825132569e-16,-1.6998088579802257e-15,-6.707629768027423e-16,-1.4076932802951661e-15,-7.345403851970086e-16,-1.357546706433497e-15,3.996437899920111e-16,-1.2052455300792425e-15,-1.409064312915647e-15,-1.421729653517345e-15,-1.3885830468120614e-15,-1.380984225861947e-15,-3.205000942480973e-16,0.004978951139403542,4.176573524276226e-06,0.00010904227051053763,9.130411275171199e-10,1.3403640035342004e-07,4.761770108777735e-05,2.1225131128287537e-06,-1.3942327937970813e-15,-1.2770906343844947e-15,-9.903241800364599e-16,-1.4409999270562235e-15,-8.685841948406553e-16,-1.2955105200320713e-15,1.9171079140408837e-12,-1.4062575359630098e-15,-8.713706815559207e-16,1.6258892837570604e-14,-7.672928996991649e-16,-6.589326198278656e-16,-9.277406097088169e-16,-6.00630263362134e-17,-1.4074928781490274e-15,1.4248311354320322e-10,1.0118311229798629e-13,2.4858467706621023e-08,-3.3668860116815175e-15,2.187053129620019e-12,9.242959306061744e-12,-1.6636265500634564e-15,-3.4870641603641677e-15,-1.1697039908191602e-15,-1.7199953126017161e-15,-1.3409133442627792e-15,-6.777130633168864e-16,-1.4116134453035437e-15,-8.537657573608088e-16,-1.3812839098147805e-15,-1.2193520723835233e-15,-1.3196370927427128e-15,5.405952320819461e-15,-1.3304019087853358e-15,-1.5471379750943406e-15,-1.3839254496346275e-15,-1.088253592456856e-15,-1.479082063433746e-15
0,0.699533012,699,297.834618,540.7784952,101371.383,0.327161047,0.2,"NH3: 0.3877791915, CH4: 0.6122208085","O2: 0.21, N2: 0.79",33.20554542413913,32.716104699999995,-1.6455100650424243e-14,0.7304862006022088,-1.5716512328109892e-14,4.942512986685757e-06,2.5686814992891073e-12,0.054162843935030944,4.8502283596094855e-12,0.14929155686507722,2.8584594342934716e-08,2.3234273638032068e-07,8.000877978247628e-12,1.5256755050720007e-05,0.05995286714278601,3.3814640846675315e-11,4.2691098157674425e-16,3.286077921401251e-16,-9.736989380296428e-16,-1.0842526779804316e-15,-1.0748131610090878e-15,-1.0750607782460703e-15,1.9410056529693576e-16,-1.5523343012722377e-16,1.0007207750679364e-15,-5.047199130952377e-16,-1.0258601681500628e-15,1.4154103443774926e-14,-7.220013300003185e-16,2.517990838230022e-16,5.1672690325914974e-15,-8.395530206566979e-16,3.992778706271902e-16,-9.845322757731226e-16,2.0227126293041225e-16,1.2863872785195044e-15,1.1007515489665221e-15,-1.0036319925571008e-15,5.226729923468359e-16,-1.0762042991634326e-15,6.194804118597743e-16,-1.0291234087837264e-15,-4.755781537764629e-16,-1.054327596498833e-15,-9.575141036929779e-16,-1.1845878811673634e-15,-1.0860419364119759e-15,3.0150437640800895e-15,-8.143050313884097e-16,-4.575459050383595e-17,2.5050525276887956e-15,-7.480447043914424e-16,4.6753958388298015e-14,8.155305748988592e-15,-1.574303745376941e-14,4.309424522110296e-16,4.179649967576427e-16,-7.9353267345978e-16,2.845817654811732e-16,4.498893635397321e-16,-1.0780112334869617e-15,4.491840854226552e-16,-1.3551867190615515e-16,-1.5848145441674699e-16,1.814304578492055e-15,2.8024501914845683e-16,-1.0546451716482262e-15,-1.0242332903254762e-15,-6.961927733245622e-16,4.7117502965464025e-16,4.524553456499306e-16,3.500153573531939e-16,3.835167340746145e-16,3.1720391820313967e-16,-7.001555006887948e-16,-6.665658301331714e-16,2.0976674143138394e-15,4.837703138661801e-16,3.881798030636876e-16,8.995166845219515e-17,3.5578227699496284e-16,6.967290871788082e-16,1.4777855898821947e-16,-1.0780959956768953e-15,2.1320553895460614e-16,9.249615488263324e-17,-1.0243721017931805e-16,3.999170293823857e-15,1.3151606926286791e-15,-8.619036669177129e-16,4.480421765822174e-16,-1.8125423328144927e-16,-3.0403809853533103e-16,4.626976937650938e-16,-8.331640609060594e-17,-4.4135425710865773e-16,3.365946224790128e-15,9.910012245791249e-16,-4.2320494920857106e-16,1.6765257296201456e-15,6.236319340554685e-16,4.978042493991956e-16,-3.2661512954554695e-16,-1.0771541281592966e-15,1.178022241000566e-15,-1.049550243569356e-15,3.786296088257939e-16,-8.963290981710513e-16,3.855940693400329e-16,6.024685005790757e-16,4.702061250128653e-16,3.9481701725061885e-16,3.804398862565692e-16,3.5904907319670026e-16,4.2852031880379844e-16,5.345545293378168e-16,0.005903456304255879,3.2484980523912003e-07,0.00012085657347686983,2.775812462873003e-09,1.6971996022358155e-07,5.852482432407917e-05,2.735320697467598e-06,3.618364569842819e-16,4.3906214825283104e-17,5.730609377918874e-16,6.5074360895e-16,4.535794786639074e-16,4.847021020639052e-16,1.789690406286289e-13,3.9509334048026864e-16,-7.127154485621804e-16,5.4641317077226495e-14,-8.966378892783635e-16,-1.085016280315707e-15,-5.833633434176407e-16,3.360493646739153e-15,3.9242410670181074e-16,1.5635332509197816e-12,1.6323943607604072e-15,8.302668815625643e-10,4.46336302007171e-15,2.5464627292415376e-14,9.819359284569897e-12,9.543620960452137e-16,5.3563293264881034e-15,6.120177619838596e-16,8.429476958297203e-16,4.2879536279124393e-16,-1.040853911517725e-15,2.659525164841988e-16,-7.25973385932486e-16,4.327251777340224e-16,-3.8661954784431045e-17,-1.3442167156046819e-17,1.2891367242996506e-16,3.8363456363264945e-16,9.820509429850458e-16,4.129443227769306e-16,-2.2781288642482496e-16,4.033131933491991e-16
0,0.749940011,718,297.8464894,558.4945965,101371.383,0.385745402,0.2,"NH3: 0.38786093225, CH4: 0.61213906775","O2: 0.21, N2: 0.79",40.261225411601345,38.5745402,-5.012406320321781e-15,0.7267648155049268,-4.65869584870286e-15,9.479422960520974e-06,2.1741399012790927e-11,0.04386846311379954,4.227557499073256e-11,0.15866018089877626,1.0425761578377351e-07,3.312694806858569e-07,4.034843932256311e-11,2.7362678168239196e-05,0.06378240774506722,1.0540998129750917e-10,1.0686768183912202e-15,8.356189673990368e-16,1.6196001133398147e-15,1.6909518942722273e-15,1.6816316374277709e-15,1.6836455577309142e-15,1.135961572727211e-15,1.2623385444003221e-15,5.826209902194492e-16,1.3919901652768177e-15,1.6519894953270017e-15,-7.659001112491372e-15,1.4536944156892814e-15,1.1978251868159517e-15,8.908814891334848e-15,1.6028169538775999e-15,9.944877203925213e-16,1.615406648499516e-15,1.1376727524542454e-15,5.858109687759429e-16,6.943874882474679e-16,1.6340657256012685e-15,1.356093757384806e-15,1.6873477702799808e-15,1.0130027917533354e-15,1.6772753680052748e-15,1.3446395229608955e-15,1.6726444398051386e-15,1.6242097520298729e-15,1.7709205645377237e-15,1.6974043274973344e-15,-5.491063477528278e-16,1.4904707335565869e-15,1.1170907209076981e-15,4.287803558156477e-16,1.4932149967799242e-15,8.577791547091201e-14,-2.0386174525567002e-15,-4.958866960696567e-15,1.1366657804264406e-15,1.1365127860648341e-15,1.553608669697611e-15,1.101397113409774e-15,1.0746201819471289e-15,1.6959077123541276e-15,1.0983158356712838e-15,1.1898504373456975e-15,1.1991373017575773e-15,4.3796676035125658e-16,1.1405191052407414e-15,1.6728678304810617e-15,1.6492494671328791e-15,1.533083334959148e-15,1.0902889182485803e-15,1.1622622439930262e-15,1.1389015246366836e-15,1.0609758198611833e-15,1.1158169554149547e-15,1.4477184035756738e-15,1.4307229383395456e-15,6.149314473426679e-16,1.1031972713502723e-15,1.1221308768473482e-15,1.1559222304869696e-15,1.0472281727846983e-15,1.0004620417351831e-15,1.1695388317983809e-15,1.691041969861029e-15,1.1206819044719073e-15,1.0664458836629304e-15,1.1768425755339264e-15,1.4619715216085007e-16,1.0551813990637348e-15,1.5410766351710858e-15,1.1346355749788495e-15,1.2105803725502459e-15,1.2682884965176296e-15,1.132992729697266e-15,1.1662917991847867e-15,1.3328707308224419e-15,1.3095263211107732e-15,1.0453589944837508e-15,1.402527341022605e-15,1.1747996656701394e-15,1.0477081762125685e-15,9.97449418754571e-16,1.2796396729005608e-15,1.6981874864360828e-15,1.0330059291416848e-15,1.6715416352211063e-15,1.1894174176168344e-15,1.5597932816904996e-15,1.1185690752265722e-15,1.017371152310266e-15,1.0476190472256521e-15,1.1904847801254757e-15,1.2032520873680397e-15,1.1930617400399434e-15,1.1809839967689137e-15,1.2740650734457578e-15,0.006673869188056847,2.7842186607378697e-07,0.00013479104648253095,1.120963651312958e-08,2.2561194820226918e-07,7.374872734405521e-05,3.9306599911085885e-06,1.0549445382890026e-15,1.1548553030021467e-15,1.4804395778050323e-15,1.166528811858068e-15,1.1420693544160585e-15,2.024491308818265e-15,3.2971092904095197e-13,1.114411775931192e-15,1.492856167178165e-15,2.402207094370596e-13,1.5861438159026114e-15,1.696018283294274e-15,1.4215104568732739e-15,1.9485234625844056e-14,1.1167885668726621e-15,4.2985371892867e-14,1.1274906030719636e-15,2.3047175941086238e-11,-4.181502567951544e-16,1.6721034031603644e-15,1.0200510572070332e-11,9.881577927548885e-16,7.859955164317326e-16,3.9299051126987344e-16,1.382746813809509e-15,1.0318265701634138e-15,1.6591980648802907e-15,1.166272848417338e-15,1.4951498850014516e-15,1.0790106822823703e-15,1.151438463358836e-15,1.1106250060452768e-15,9.497002981556434e-16,1.0051817403450842e-15,6.63548245122215e-16,1.042990247930475e-15,1.2302783106628195e-15,1.143496194645813e-15
0,0.799922993,682,297.7412027,581.1211762,101371.383,0.455036468,0.2,"NH3: 0.3879315015, CH4: 0.6120684985","O2: 0.21, N2: 0.79",48.697130025877414,45.5036468,1.4991102522978966e-15,0.7231980887986328,1.3657029884616456e-15,2.0364596466134168e-05,2.1814351621717397e-10,0.033721070979353146,3.799092291078045e-10,0.1679453765889288,3.729299323914895e-07,4.8678867317729e-07,2.2134923533819736e-10,5.4824811115201496e-05,0.06754735183855201,3.5338144455878196e-10,1.6478326272847028e-15,2.3777919255119806e-15,1.6297725527580417e-15,1.5020268277235187e-15,1.5186773467801194e-15,1.5141422169975725e-15,1.9927788922802713e-15,1.821032714479904e-15,1.6945144080925462e-15,1.7852828756646e-15,1.5868512425068518e-15,5.3747660764447115e-15,2.0909862106801385e-15,2.005285562194011e-15,1.517436158485914e-14,1.5892907040612722e-15,1.788742512665468e-15,1.6712277877601114e-15,2.0025519971786475e-15,1.6299265866448125e-15,-8.713938575601034e-16,1.6242125527999099e-15,7.569161223358296e-16,1.5155932003780117e-15,1.3056431607573945e-15,1.518695550938318e-15,1.842764517551091e-15,1.5576142632759621e-15,1.6064286212041346e-15,1.919506329380331e-15,1.50075056104754e-15,3.895408173951655e-15,1.888493266207129e-15,1.8323595202520747e-15,2.115639052442793e-15,1.8192038580796583e-15,1.6674132731264893e-13,-1.5927848696495976e-15,1.6142809584577668e-15,1.8231788868177745e-15,1.8266905828637083e-15,1.6971401715303901e-15,2.0763945666965544e-15,1.8129908069818905e-15,1.5035192096567713e-15,1.815324877824901e-15,1.6585706066210791e-15,1.667588940061336e-15,1.4174786419487262e-15,1.661587376504711e-15,1.5560373577925832e-15,1.6051417577470607e-15,1.6787190286143571e-15,1.7968515963028587e-15,1.9510671646442995e-15,2.043708878886028e-15,1.7623155791620834e-15,2.038389156680203e-15,1.8373133232223844e-15,1.7125672904199886e-15,1.1033724963765749e-15,1.814313960579918e-15,1.8494017773554646e-15,1.3197516678559901e-15,1.7886965231517556e-15,2.195703619561457e-15,1.6480823504429422e-15,1.5149687065457143e-15,1.9239194579957573e-15,1.6827065997516675e-15,1.6262699538800091e-15,2.4035388874931596e-15,9.276806379733743e-16,1.7762394295285059e-15,1.833885778929897e-15,1.6882796354947207e-15,1.7864859731464927e-15,1.8325640909659973e-15,1.5533612680354366e-15,1.844331840160308e-15,1.6426915346363195e-15,1.739339680217445e-15,1.8267029231543027e-15,2.4487202019695917e-15,2.036993045638072e-15,1.885219402441598e-15,1.8043643585773343e-15,1.503246278073194e-15,1.912779508713464e-15,1.5635868926198818e-15,1.7857649349044933e-15,1.7534937786154802e-15,1.8488234704759455e-15,1.4849277269870786e-15,1.8128505941021388e-15,1.7975189347140473e-15,1.7625216609088305e-15,1.895581002135832e-15,1.836203511018493e-15,2.3203311973894807e-15,0.0072738990740756826,3.163470879144933e-07,0.00014021914854587845,5.235955620947899e-08,3.1095091868058304e-07,9.183955071259029e-05,5.424050213538048e-06,1.834638734595138e-15,1.5614170858807164e-15,2.638320664479695e-15,2.27247301211625e-15,2.2446629659040132e-15,9.524800515204062e-15,1.4792189724736218e-12,1.811794085882528e-15,1.7826454025172227e-15,1.051729805243049e-12,1.661944277260577e-15,1.511684498002987e-15,1.832604792654652e-15,1.825992384815193e-13,1.804647268365887e-15,1.5036482012076455e-15,1.808471888505539e-15,9.225245852866232e-13,2.1715987500177847e-15,1.8102843188959094e-15,1.0386450461984164e-11,1.8387060426742367e-15,4.3898080081434425e-15,6.69359176861793e-15,1.6733834717952502e-15,1.7897142906599694e-15,1.5774105183398298e-15,1.6535442562923982e-15,1.8062366144318144e-15,1.810649850110218e-15,1.5491921525542484e-15,1.4454677877851474e-15,1.5990618368132085e-15,1.8017088553492986e-15,1.78363188371918e-15,1.7967676157059365e-15,1.7325153691673873e-15,1.90380384093369e-15
0,0.84934797,651,297.4330221,582.1592283,101358.051,0.524897834,0.2,"NH3: 0.388049337, CH4: 0.611950663","O2: 0.21, N2: 0.79",57.280244066980686,52.4897834,-9.97224445842064e-16,0.7197554169274537,-1.0104230941539317e-15,4.831966556758189e-05,1.7249127286046162e-09,0.023793878407128873,1.791571686282174e-09,0.17692860802695895,8.762576537223913e-07,7.314989636717176e-07,8.673264705687596e-10,0.00011747507919202483,0.07141146983594447,1.381209779062963e-09,-7.281679895494027e-16,-1.36634313535749e-15,-1.8778124275053832e-16,-4.8281240917851124e-17,-7.180119332415079e-17,-6.236386269210122e-17,-5.43416576448941e-16,-4.781703889891707e-16,-3.475363164572795e-16,-4.179309337105835e-16,-1.5833974978835685e-16,-8.079134000587293e-15,2.485248354870453e-15,-2.228013281890824e-16,2.0238597396782935e-14,-1.2255168197919882e-16,-6.153467912020942e-16,-2.6406804355374144e-16,-5.238275513933181e-16,-8.075753271644221e-16,8.283059501671135e-17,-2.0170988074876138e-16,-6.507528001551376e-16,-6.353594100117751e-17,-3.872032787748902e-16,-5.75610153927385e-17,-5.469638547437589e-16,-1.1897040567418098e-16,-1.495168579487273e-16,-4.2218973458103855e-16,-4.1294577666202426e-17,-2.222663307994666e-15,-4.920439385031089e-16,-6.694326753294171e-16,-1.1330479444389463e-15,-3.6844733464247077e-16,3.2939883111510567e-13,-2.6395496492581423e-15,-1.0410616910721948e-15,-5.407914513374378e-16,-5.398931010773797e-16,-2.178119676163253e-16,-5.695558862810374e-16,-5.904117065276355e-16,-4.2458001876376556e-17,-5.840369265491226e-16,-4.791137903962026e-16,-4.756321375865981e-16,-1.0857965314692397e-15,-4.984394778276202e-16,-1.1711588407039506e-16,-1.807700457552054e-16,-2.0827678973811974e-16,-5.538383635496909e-16,-5.469484757348215e-16,-5.586222591613684e-16,-5.958329793041647e-16,-5.678259192245104e-16,-4.861907403053006e-16,-3.3960004423441565e-16,-3.9569855266303193e-16,-5.747975891390458e-16,-3.004112448872127e-16,-1.147971041872886e-16,-6.025296576531423e-16,-8.635409868602336e-16,-4.2861116135985846e-16,-6.150960117415664e-17,-5.868801550240123e-16,-7.103478603246835e-16,-4.538978628946889e-16,-1.1472184318326446e-15,-4.498023758219132e-16,-3.866803177733518e-16,-5.568897131627177e-16,-4.769830588473689e-16,-5.41378374944567e-16,-5.711995119116838e-16,-3.6502750936880877e-16,-5.505003661373906e-16,8.375693758234668e-17,-4.803356182690935e-16,-3.643398803263439e-16,-4.3801097952863314e-16,-6.386016493441719e-16,-7.129029885784696e-16,-5.516831061646634e-16,-3.988243794590815e-17,-4.941155551523407e-16,-1.2439023123326012e-16,-4.453085903707388e-16,-3.592167527858821e-16,-5.213607501944728e-16,-5.287688726954843e-16,-5.860030491934236e-16,-4.99802146495832e-16,-3.9643809459747636e-16,-4.846517424004295e-16,-5.001281820697359e-16,1.798346710151036e-16,0.007693512145277663,4.117253111442553e-07,0.00012713726292765115,2.9772172945493755e-07,4.856320398668461e-07,0.00011448601819974732,6.88800350031407e-06,-4.0669848280093955e-16,-4.0751001383067674e-16,5.334685687886268e-15,4.331558487370864e-15,3.2827604237353326e-15,1.1965665045066215e-13,8.819365900061152e-12,-5.390310646966072e-16,-3.399497156576674e-16,3.1698731889550393e-12,-2.0370454912271987e-16,4.239922565920553e-17,-3.156950456996884e-16,3.2213723187224013e-12,-4.787696794440866e-16,5.963929260845003e-15,-6.066638037097391e-16,1.068290043294862e-12,-1.5206855933966008e-15,-5.331009548914277e-16,1.0432890291780789e-11,-4.496010485422055e-16,5.596011261823876e-16,-2.6482418583327727e-15,-3.7170690134599253e-16,-6.053937606681183e-16,-1.4798846677055207e-16,-4.3642672289527963e-16,-3.341881831528088e-16,-5.931384071902252e-16,-3.9746126892459767e-16,-4.1832632380142304e-16,-3.5022265243457505e-16,-6.162590301687589e-16,-8.622309164455668e-16,-6.118411254053982e-16,-5.25219358176114e-16,-5.209127012134928e-16
0,0.899290784,656,297.4525434,598.3633629,101358.051,0.589008409,0.2,"NH3: 0.387936376, CH4: 0.612063624","O2: 0.21, N2: 0.79",65.18816323435385,58.90084089999999,1.524012426147442e-14,0.7163194795529564,1.127805530979941e-14,0.00013691301725113225,3.3403217692686515e-08,0.013938438697988876,1.0467771946405334e-08,0.18611585564428068,2.4497817425292837e-06,1.0624728598830965e-06,7.35176540700572e-09,0.0002778701069037601,0.07505465246817007,6.1075604049371496e-09,-9.507762610566201e-16,-1.983017582687897e-15,-2.689633404912187e-16,-2.5452176398980284e-16,-2.5303843454981473e-16,-2.5324132306401154e-16,-6.10214809551438e-16,-5.814756676050533e-16,-3.5141392365084863e-15,-5.206001330744586e-16,-2.9345530310114613e-16,-1.4025939234651974e-15,1.9661730300791288e-13,3.859338079794537e-15,3.244089706142913e-14,-2.243355909534511e-16,-1.1468211578149552e-15,-3.999165751566836e-16,-6.295061112071876e-16,-1.5823629527706181e-15,-2.6629676020057167e-15,-3.2804410904753087e-16,2.4014367793884462e-16,-2.5294845329341394e-16,-2.391466349791906e-15,-2.5377611655959267e-16,-8.537701820747989e-16,-2.7333208942415295e-16,-2.636750788344915e-16,-1.2639312040410542e-15,-2.5462271359959227e-16,-2.3748438156566844e-15,-4.187458892862639e-16,-1.2146301264663208e-15,-1.8135236897221072e-15,-3.5026574388202184e-16,6.955572876202404e-13,-7.529184381616847e-15,1.6861163784706495e-14,-9.843992483061454e-16,-9.814117349297198e-16,-2.885053229064672e-16,-4.811594411259715e-16,-1.062764953784536e-15,-2.543321931810174e-16,-1.015910023282952e-15,-1.0823845717606492e-15,-1.1172942217288008e-15,-2.2431436031382734e-15,-1.138363615342702e-15,-2.7197761666758275e-16,-3.1712511778800067e-16,-2.745703404727797e-16,-1.1161817193596576e-15,-7.199271331950146e-16,-5.560061090472839e-16,-1.0984830738142871e-15,-5.545972129602824e-16,-7.069643186476646e-16,-8.736739869753592e-16,-1.5096704075633436e-15,-1.038215166171859e-15,-1.0167784377610205e-15,-1.3991359049477836e-15,-1.121173330245619e-15,-1.1008775488654923e-15,-1.0604647185249374e-15,-2.530976502441081e-16,-9.193038702715392e-16,-9.490154465552085e-16,-1.0681064028477184e-15,-3.01314007082108e-15,-2.0801564987351196e-15,-5.349084982290047e-16,-9.641586439223666e-16,-1.1404455748854805e-15,-9.810656818963776e-16,-9.69515282289739e-16,-1.258456911959997e-15,-8.570938683582773e-16,-1.7959267575586693e-15,-1.4138441489319318e-15,-3.551668498384479e-16,-1.2175751552990438e-15,-8.6424650069969e-16,-1.0788976617442794e-15,-9.469216642927867e-16,-2.544034431363294e-16,-9.085038837636437e-16,-2.772202403943673e-16,-1.0260178229477664e-15,-5.087226735760456e-16,-1.0113080338296754e-15,-9.492268461094307e-16,-1.1548084146547976e-15,-9.637887487922353e-16,-1.0905980121358787e-15,-9.785108581661836e-16,-9.771338729514235e-16,-1.1110836926703212e-15,0.007917479782075269,8.341792753462583e-07,8.350913479459658e-05,2.024648342751742e-06,8.162178313718506e-07,0.0001419077704485854,6.649022796806426e-06,1.9715013898182957e-15,-1.0813726429809478e-15,8.106798737988713e-14,1.560395851807954e-13,5.400208016966635e-14,3.801121906854778e-12,6.507936411039257e-11,-9.992941918905006e-16,-3.491653738249803e-16,8.82660936521638e-12,8.787870449505271e-17,1.5227089342653252e-15,6.837742200661001e-15,7.80016799173452e-11,-1.0465603217121657e-15,3.63013880536608e-14,-1.0058561545750801e-15,4.738270860995359e-12,-3.485202074511508e-15,-8.334695347920622e-16,1.0326272196484608e-11,-1.2373890445937512e-15,-1.515980846941067e-16,3.3090328379036825e-15,-1.2788508833634056e-15,-1.2026032959482588e-15,-2.7640823287289293e-16,-1.0915711886525592e-15,-3.3070352392056936e-16,-1.0221497634402286e-15,-1.1562412794989394e-15,-1.1762547590516185e-15,-1.139709409930709e-15,-1.0886275648603035e-15,-1.3697047006694537e-15,-1.083358030609439e-15,-1.0207155313967553e-15,-8.426287651246475e-16
0,0.949416194,678,297.5784722,613.3333993,101358.051,0.638121324,0.2,"NH3: 0.387783258, CH4: 0.612216742","O2: 0.21, N2: 0.79",71.21582197476391,63.812132399999996,-5.947422212653688e-15,0.7127083246090237,-5.665633050641142e-15,0.0005935046792430258,2.723257628627816e-06,0.004546352266414529,5.651525294677633e-08,0.1949884534472163,9.07142288340316e-06,1.0481085477375465e-06,1.7074913681536848e-07,0.0008868556785333109,0.07818149857431361,4.485805776574983e-08,3.621819271388692e-16,-3.5481259791047536e-15,-1.255807177331401e-15,-1.6272822551987036e-16,-6.75828308627706e-16,-4.120594154079708e-16,-1.6330566231896427e-15,-1.1420413200104028e-15,-1.1492242075727464e-15,-1.1248179283558584e-15,-1.06788545408655e-15,2.5896522999675522e-12,8.465559173054162e-11,1.0327127077546781e-13,7.691853981880251e-14,2.2290219491302116e-15,-1.514908261292616e-15,-1.1792049967952017e-15,-1.6057398536496e-15,-1.9765640005296534e-15,-6.635390586460149e-16,-1.121488282480698e-15,-9.578478137504522e-16,-6.304869293486484e-16,-1.201190577298528e-15,-3.2909857656393585e-16,-1.2927369074888877e-15,-1.0534883610700825e-15,-8.456622259583018e-16,-2.0119397111962032e-15,-1.3333088256714935e-16,-2.5824608540882373e-15,-1.8739629977917393e-15,-1.5767490596918043e-15,-2.422831820231564e-15,-1.2038548632872709e-15,2.13374660704125e-12,-2.3835674324388205e-15,-6.082583048077235e-15,-1.512568660792532e-15,-1.4427353536306182e-15,-9.362984971910424e-16,-1.7294829118063823e-15,-1.5675603365113282e-15,-1.7290221973750523e-16,-1.8726478659929847e-15,-1.3623317438784341e-15,-1.4084912526927005e-15,-2.0069913842492e-15,-1.3724292851626923e-15,-1.049627835602127e-15,-1.1283096935507464e-15,-9.011795059896328e-16,-1.5589011362839782e-15,-1.779485325805268e-15,-1.7263066605766966e-15,-1.4428169120457496e-15,-1.732845935669973e-15,-1.2927371890906182e-15,-2.1088954113771737e-15,-1.5427670475007038e-15,-1.5593150684254218e-15,-1.518549802429969e-15,-1.2813968935974194e-15,-1.6242015322713873e-15,-1.8304047175338424e-15,-1.350762231971098e-15,-8.096821709132174e-16,-1.511213246180612e-15,-1.2904782813585105e-15,-1.52882279993748e-15,-3.130172339889931e-15,-1.5145806630579705e-15,-1.2347165760202958e-15,-1.5889354810295958e-15,-1.3429548807322881e-15,-1.4036046144455739e-15,-1.5074086052160864e-15,-1.3076097665735758e-15,-1.3443180525095212e-15,-1.756886035848428e-15,-1.6002809748383964e-15,-1.0565375092416714e-15,-1.8780388161361793e-15,-1.7329802331038495e-15,-1.5316290078866574e-15,-1.362958653010794e-15,-1.662388346683199e-16,-1.670057127451176e-15,-1.0622645280714002e-15,-1.4292368424425452e-15,-1.216885390364201e-15,-1.535989449803122e-15,-1.0664586891908309e-15,-1.5729294785197378e-15,-1.3052996695919404e-15,-1.4879701609847557e-15,-1.3730557156288127e-15,-1.4744725860313424e-15,-1.3416932049800441e-15,0.007878304209010034,2.7449238342617794e-06,2.2206036306053576e-05,9.069618826893382e-06,4.4817164234646157e-07,0.00016639730628407749,2.7238844428180284e-06,8.174495322282169e-14,4.850096447951648e-15,5.272553305365673e-12,1.4196604378051525e-11,1.5625729290527306e-12,1.1032029540004084e-10,6.046922355819279e-10,-1.4936723178708365e-15,-1.1002129870857329e-15,1.2262349034888414e-11,1.7109939383954175e-13,1.582962104751267e-13,2.9290787860902504e-12,8.01348071133951e-10,-1.002548644936049e-15,7.63325182259707e-13,-1.141081490862736e-15,3.0244545671151805e-11,-3.101998690246409e-15,-9.478787917550143e-16,1.0015661433087586e-11,-2.5375427630732953e-15,-3.4921522485171475e-15,-2.48171788183888e-15,-1.689876113891753e-15,-1.7084887288215429e-15,-1.2089155560835158e-15,-1.4314297996842629e-15,-1.0697815115734524e-15,-1.7511104044527322e-15,-6.674319914472947e-16,-1.256966236213001e-15,-1.5879121333059108e-15,-1.4837703226430151e-15,-1.6614038565151912e-15,-1.5784327425630274e-15,-1.3643277791442595e-15,-1.3946385135355257e-15
0,0.997963889,676,297.7090932,634.3357572,101358.051,0.665368367,0.2,"NH3: 0.387900551, CH4: 0.612099449","O2: 0.21, N2: 0.79",74.65400470069608,66.5368367,-2.0550314814722778e-14,0.7078535727424409,-1.980806476866016e-14,0.003819594936367466,3.134837622007171e-05,0.00033502739382241663,1.5314998148381115e-08,0.19843946099401752,2.502254880687756e-06,4.8237386938301576e-08,1.3001727652304556e-07,0.004780806292837922,0.07708135171877677,4.217551108214406e-08,4.776682661210872e-11,8.170991572748315e-13,1.660152683078956e-15,2.7545517050377524e-15,2.072564650275664e-15,2.4507188567133336e-15,1.2874001993073068e-14,3.397506044506877e-15,2.593352139266974e-12,2.5042488768802274e-14,6.251104590514451e-13,8.462392472488176e-10,7.22229118733463e-09,9.327890902207124e-14,8.952075063666603e-13,4.475427462792685e-14,3.0405759635755497e-15,1.6765952418335182e-15,1.6655463377563976e-15,1.636113770740652e-15,2.2880314089747447e-15,1.6990408034817076e-15,1.5872991615175004e-17,2.1292983116669156e-15,2.082866938461159e-15,2.64037902693446e-15,1.5805182761440956e-15,1.6252960452635442e-15,2.0641000909568892e-15,1.8198642126608763e-15,2.788962752355808e-15,3.5056763545252687e-15,1.0728605576474688e-15,1.5197405996790677e-15,1.8794139940243027e-14,1.843380759901459e-15,1.976084192127959e-11,1.9701511506217175e-15,-2.0636406001618513e-14,1.8203349508146953e-15,2.4910383212873547e-13,1.925476949422082e-15,1.723888378187995e-15,2.0229532008126885e-15,2.7603992095313592e-15,5.506539897657391e-15,1.7046360945002907e-15,1.6362144799030957e-15,2.398775100672312e-15,1.7001394104621934e-15,1.62221331944964e-15,1.6321845769492566e-15,2.0312716576529314e-15,1.9172359706007688e-15,2.1290825843984827e-15,1.7087376795526077e-15,1.7575966039407588e-15,1.7326305286327353e-15,1.6024349836429508e-15,2.076006220803726e-15,1.6378247894347125e-15,1.9064844928018826e-15,1.936790387502807e-15,1.535203302875078e-15,1.8247472082758404e-15,1.7722973146836361e-15,1.65292091857585e-15,1.7035281474725873e-15,1.7522281579446e-15,1.6054462368389795e-15,2.0277252080213905e-15,6.840666365119642e-16,2.1438034542307585e-15,1.594376818233728e-15,2.4858544713454464e-15,1.5813316708627195e-15,1.6533588988716072e-15,2.6017103637654297e-15,1.5666689165161292e-15,1.8313217271783597e-15,1.8160008183577397e-15,1.5847506829214476e-15,1.8657432349943534e-15,1.800455240877255e-15,1.864560684982482e-15,1.6462152439725535e-15,1.6057954807389227e-15,2.7677616847768888e-15,1.9008414876969684e-15,1.694920782938808e-15,1.7715541072411201e-15,1.6695650492473393e-15,1.7437753828624794e-15,1.6340234599117346e-15,1.928641777263301e-15,1.7062102853689845e-15,1.9837110297084077e-15,1.692400911387683e-15,1.6797728238166175e-15,1.959339282054482e-15,0.007601043311452687,4.5959713727764535e-06,9.494447259806026e-07,1.1984434371050605e-05,1.7960588420483807e-08,3.746557184137814e-05,1.9463352268095576e-08,4.688860456239403e-13,1.403817411321158e-13,2.109642100569762e-10,1.001491971392309e-10,5.991075221772833e-12,2.2707420969305365e-10,1.1303894264463776e-08,4.31704084540244e-15,1.733037990496068e-14,5.863892711373167e-14,4.3358072427074775e-12,2.1704849233204424e-12,1.183497935633538e-10,3.0176669217776214e-09,2.305167255836332e-15,3.596908909072443e-11,1.5959225559422437e-14,2.0344511685942176e-10,2.159984020726801e-14,1.9918707496817873e-15,9.51919521454501e-12,2.2850033577442204e-12,1.8634550383536545e-13,3.158374946320864e-12,1.786744291163724e-15,2.3934487660191914e-15,1.576010824115915e-15,1.645174802962591e-15,1.921416567078363e-15,2.1271764450469193e-15,2.978769842360676e-13,1.1778109721142555e-14,1.8639195497575174e-15,1.6155351730607526e-15,1.7130796772829036e-15,1.945058397022422e-15,1.618122162738383e-15,1.6540471717284256e-15
0,1.04852571,684,296.7527661,635.3443272,101374.716,0.671096571,0.2,"NH3: 0.38782540875, CH4: 0.61217459125","O2: 0.21, N2: 0.79",75.424387435683,67.10965709999999,-6.929413714656362e-15,0.7012433670299544,-6.689368123937179e-15,0.009616128736413326,2.6256485198679002e-05,3.102204656673533e-05,1.0112218674010996e-09,0.19801972584132005,1.4864051065469713e-07,4.637469085802737e-09,1.0988955556353966e-08,0.012751461862868184,0.07130229053965556,7.5709114201871e-09,2.0909630518026146e-10,3.253807960255375e-12,8.770335086427384e-17,-6.790934956056199e-17,6.371095137448117e-17,-3.435049880738413e-17,4.6789206521155315e-15,9.339383345118839e-16,4.783750404482776e-12,5.2595299637438845e-14,2.3562486717733423e-12,2.132788181867045e-09,1.8059903949328047e-08,1.1203657566065832e-14,7.401913484648918e-12,3.523239877661333e-14,1.1769873825522032e-15,5.012490843167527e-16,8.975621140280592e-16,9.215100538366746e-16,9.027032850273546e-16,3.8595988942747896e-16,2.54035964808765e-16,3.729939474410826e-17,9.941640841794579e-16,-5.940762616299696e-17,8.986365026666942e-16,8.669424520001842e-16,4.588139067370338e-17,1.4413794784220907e-15,-7.078360642797249e-17,1.0494321636031852e-14,3.93005565466391e-16,8.302259650016687e-16,3.8869463309865325e-14,1.7903306491257455e-16,7.488020568801494e-11,1.0798805376280288e-15,-6.7794763814555416e-15,1.08470500459524e-15,2.1005328681519815e-12,1.341954180616797e-16,9.669857565315688e-16,1.4263660525900227e-15,-6.85794910842507e-17,2.1396454379932065e-15,5.984484460538248e-16,5.680449062060931e-16,2.2765125883611154e-15,3.9332405476199964e-16,7.918094234578523e-16,6.308582621289201e-16,5.4932789875098016e-17,8.887321912900047e-16,1.3226176894264226e-15,9.64141475967225e-16,7.814836697828702e-16,9.711689234771278e-16,9.32724995683766e-16,1.560259598033681e-15,3.766812588788086e-16,9.603173511935216e-16,9.602305874074541e-16,8.402599501316341e-16,1.1744599819483048e-15,1.1610110803258257e-15,4.86422783537668e-16,6.968930017377304e-16,9.731951776316049e-16,4.15381001646138e-16,1.054254993013297e-15,2.4944228429996865e-15,1.2764744437928677e-15,8.640021601517732e-16,1.7102328467121872e-15,8.61888519844144e-16,9.244558531396268e-16,1.2855447913231084e-15,8.435864863677815e-16,1.0681769774822734e-15,9.24229975259218e-16,8.604121229512266e-16,1.4929395622013332e-16,1.1186400772554791e-15,1.1844085543744168e-15,6.937423130033589e-16,7.049352157633272e-16,-6.932434306797548e-17,1.4406491833682765e-15,4.3303948378890847e-16,1.3665918324111325e-15,4.404779836196893e-16,1.0048891874018702e-15,1.0324971296943813e-15,1.0148994307919764e-15,3.65355704123324e-16,1.595656325134751e-15,4.0216774528041693e-16,9.016032072480693e-16,9.64440673186591e-16,0.006987909078649791,4.009983653550781e-06,8.38686217358627e-08,1.1063579620907859e-05,2.492095655554366e-09,6.423865542818472e-06,1.808838917680566e-10,3.923001015981477e-13,1.4309061383693915e-13,2.3932590005284575e-10,9.986400374111384e-11,3.214959107841475e-12,2.0865228886989594e-10,5.5800422342957836e-08,9.612526467608219e-15,1.4485522143234984e-14,4.2699288834363796e-16,4.05824278124683e-12,1.8982431427247038e-12,1.1462631752101744e-10,3.1988428527162185e-09,3.7885542941761795e-18,5.124154300015264e-10,2.478019871099191e-13,8.516654756021138e-10,5.0587569543157754e-14,2.1094152860781073e-15,8.844772352867665e-12,8.15390458298465e-12,6.771736251659823e-14,6.334795137281369e-12,9.65206894229358e-16,1.1999599655651373e-15,3.1351434216610796e-16,6.061202785108953e-16,3.0049936443884357e-16,1.4797666035254095e-15,3.7419304104467025e-12,1.20963131536497e-13,9.978162892419011e-16,6.515180427473024e-16,1.141654425748681e-15,1.051288272197348e-15,7.817414638633116e-16,4.6799288458452e-16
0,1.09941892,683,297.5655141,637.6975425,101358.051,0.647131957,0.2,"NH3: 0.38801262475, CH4: 0.61198737525","O2: 0.21, N2: 0.79",72.5572976325443,64.7131957,-3.642734577239962e-15,0.694377525044074,-3.5056544271508534e-15,0.01600266218666868,2.2662315847187635e-05,5.9655034987249404e-06,1.9417641675910351e-10,0.1973265531852239,3.359293720406643e-08,1.348368260454542e-09,2.044309091882658e-09,0.020833524047919286,0.0652873828298777,3.1806043131968636e-09,3.4628836640704524e-10,5.31004151126772e-12,9.277010087323531e-17,1.7910298439496784e-16,5.75596494706411e-17,1.5625722074954739e-16,6.82180641169678e-16,-9.270523289365588e-17,5.991628217607465e-12,7.808682726520274e-14,3.746441962363573e-12,3.204263917279497e-09,2.8696602683995722e-08,2.9109366141652796e-15,1.8928557922249514e-11,3.213397909863236e-14,-9.43621919257903e-17,-5.735025309488913e-16,-6.135165214140269e-16,-6.39652612683592e-16,2.0489467781533975e-17,-4.847580825106563e-16,-6.758946719076611e-16,1.0217273286250206e-16,-5.596648907011817e-16,1.8346073507050732e-16,-7.839008921477814e-16,-5.418756637643899e-16,1.1561559269717778e-16,-1.2527716434587375e-15,1.877574879883576e-16,2.214592121762277e-14,-2.0610710940077275e-17,-6.174888616613897e-16,5.0323456043182514e-14,-1.1856891068993535e-16,1.340730622003835e-10,-6.154027262557871e-16,-3.69119917317367e-15,-3.2080144998904153e-16,5.7916731717606605e-12,-3.608013312718063e-17,-4.566405706252619e-16,6.4011189844076585e-16,1.892565640520864e-16,-1.8350584193263475e-16,-6.062561632653444e-16,-6.419392591585574e-16,-1.0304597063082714e-15,-4.869216926037682e-16,-6.721563462814928e-16,-6.805936504807292e-16,1.127661283505058e-16,-7.262003348228033e-16,-5.194974439215284e-16,-4.746337793192736e-16,-6.615502651778232e-16,-4.78718915118531e-16,-7.805932366484315e-16,-4.135502478716694e-16,-5.110140659784071e-16,-6.322646006717277e-16,-6.352727302798755e-16,-8.094886024745413e-16,-6.644740333869885e-16,-6.082614105699972e-16,-5.858788953911576e-16,-6.775080598968264e-16,-6.401533532528739e-16,-5.707116533986403e-16,-4.2773391463379325e-16,-1.9726466623650086e-15,-8.299482203436291e-16,-7.764203725872067e-16,-1.8532857444806487e-16,-7.81379674854885e-16,-7.218944066855712e-16,-5.163117103574266e-16,-7.941330429917744e-16,-5.744276146750204e-16,-6.172539314732623e-16,-7.267740218800449e-16,-5.731908046500835e-19,-5.512823732658312e-16,-6.759938047984365e-16,-6.634118441350823e-16,-6.716918934754963e-16,1.9214190755234085e-16,-6.761854092308377e-16,-5.353603531127008e-16,-6.894984436386373e-16,-5.436585441537992e-16,-6.330681213179013e-16,2.586500979732219e-16,-6.280866875625157e-16,-4.640265605095698e-16,-7.132748598433536e-16,-5.075606469536638e-16,-6.513294427820333e-16,-5.438148660146469e-16,0.006127576036355247,3.3842640734044014e-06,1.694445201600979e-08,9.780525633606236e-06,1.025014118926524e-09,2.7324956665760297e-06,1.5753321299745776e-11,3.3600559214336875e-13,1.2162943168727863e-13,1.7555870279676203e-10,8.270058914934449e-11,3.159483801910439e-12,1.837441059595671e-10,1.5043036565988526e-07,1.3481843639343522e-14,1.6279830908715427e-14,-6.642138872510873e-17,4.398137037006783e-12,1.7894710106244696e-12,1.0289481469509067e-10,2.8309575029764344e-09,1.2337011278423442e-16,4.894804837305854e-09,2.5294539994496028e-12,2.0263906040452625e-09,6.45807919036585e-14,7.845491129905462e-15,7.955519338721695e-12,1.1038665692392753e-11,2.1654443209814896e-14,7.893210248039528e-12,-7.086095282209211e-16,-5.383427487108886e-16,-2.450314466836492e-16,-6.349588114648549e-16,1.9832680975981073e-16,-6.328085292266763e-16,3.075037718309258e-11,9.052233829388215e-13,-6.806950857612451e-16,-6.638001729959329e-16,8.182734246798634e-16,-3.273984044265464e-16,-4.61698555319998e-16,-5.751598530871185e-16
0,1.148836453,669,297.6450175,635.3663771,101358.051,0.601813352,0.2,"NH3: 0.387951411, CH4: 0.612048589","O2: 0.21, N2: 0.79",66.89742793738537,60.18133519999999,1.060910084123577e-14,0.6880020963990853,8.22408696701748e-15,0.02252120238523892,2.1427641527322808e-05,1.7999751008759295e-06,6.314472591685353e-11,0.19620199698476656,1.4692446138541543e-08,5.941864225042484e-10,7.188553332917024e-10,0.027848288661081685,0.060390954666608515,2.3621163956215574e-09,6.55132033385548e-10,8.77818840406722e-12,-1.6111354165482027e-16,-1.429846326600467e-16,-1.799829622805481e-16,-1.4966704815710224e-16,3.048671504126639e-16,-1.3932815100135506e-16,9.735846711404434e-12,1.4381923332301448e-13,6.147609843110324e-12,5.224240081826189e-09,4.418740400175808e-08,1.4550672863024927e-15,2.557258360402629e-11,2.667588971112473e-14,-1.2966022316719664e-15,-4.0109106538149637e-16,-4.925175614411762e-16,-4.81631432651316e-16,-1.8164129301494834e-15,-3.3477413652687254e-16,2.5077076062498195e-15,-1.64666114311969e-16,-3.7330199909580276e-16,-1.4147091458456784e-16,-5.585816445905165e-16,-3.9830212285997793e-16,-1.6016557235620033e-16,-7.681014255072419e-16,-1.4024268550118643e-16,6.105286864506919e-14,8.162747381764244e-17,-2.2373158879275345e-16,8.820633597524963e-14,-2.2501149759132994e-16,1.8024503069844643e-10,-4.539997807088774e-16,1.1782344213047616e-14,4.0772792469969293e-16,1.4402447926422814e-11,-2.018344390695244e-16,-4.520027246603919e-16,3.2454908809871526e-15,-1.386832153927399e-16,-5.815228223262425e-16,-4.1179930971234905e-16,-4.193635769540219e-16,-8.355098123376735e-16,-3.3347214666618727e-16,-4.900857535517305e-16,-4.462246052963662e-16,-1.6141455788566252e-16,-3.7605399416215245e-16,-5.042912175127705e-16,-4.421070874574818e-16,-4.740778737727377e-16,-4.615006891021415e-16,-5.578977853809228e-16,-6.220978362646616e-16,-3.011769574432268e-16,-4.926741338049877e-16,-4.977424621003732e-16,-5.5933729554942725e-16,-5.634044618053359e-16,-5.297411252947269e-16,-3.8401058069632466e-16,-5.063816425453816e-16,-4.766835738537022e-16,-3.206651718825356e-16,-4.867998135484024e-16,-9.476319665054586e-16,-5.595594219775596e-16,-5.73942808222571e-16,-2.910413632997536e-16,-5.530143841187959e-16,-5.098416259263395e-16,-4.496576455726516e-16,-5.521985367381384e-16,-4.852193000872947e-16,-4.784080654578019e-16,-5.125451856954109e-16,-1.887270523023551e-16,-5.069685145975149e-16,-5.15734875854816e-16,-4.511415240784093e-16,-4.620472057895153e-16,-1.3874278039582908e-16,-6.047584733935322e-16,-3.559384732102621e-16,-6.715202009822287e-16,-3.5327810462653697e-16,-5.541605096672288e-16,-1.159156826510369e-15,-4.539324468455629e-16,-3.164806357654641e-16,-8.211721450668049e-16,-3.391319457173393e-16,-4.759748138542314e-16,-5.475619960031947e-16,0.004998672877977404,2.8062126982445507e-06,5.680796411609175e-09,8.636427879707028e-06,5.167732064933962e-10,1.5423871276358315e-06,4.005520265073451e-12,3.2004037326287465e-13,1.0885952831738048e-13,1.4916328679162283e-10,7.524406323153338e-11,3.4315446019278215e-12,1.6282382621114254e-10,3.0393310251656603e-07,1.9683103517545e-14,1.873893393123071e-14,-2.1065291082566578e-16,4.227211116662653e-12,1.63104134941841e-12,1.0370543842626677e-10,2.4784704544447204e-09,-1.5730965036738354e-16,1.8713246957541375e-07,8.916571638857959e-11,4.998433891080877e-09,8.083454609643572e-14,1.8442732236827366e-13,6.9482141065356524e-12,1.7151150016680942e-11,1.436638273399494e-14,1.3227211002635614e-11,-4.244319784764404e-16,-7.139523145604063e-16,-1.2884659902318261e-16,-4.1757611301549297e-16,2.0727032902380125e-16,-2.7756021792969306e-16,1.2311065511354365e-09,3.549749358039938e-11,-3.285586792592629e-16,-4.483028946303202e-16,5.4072336499256384e-14,1.680470451308218e-16,7.67801148034495e-15,-2.4275462196714236e-16
0,1.199407704,663,297.7291096,629.8121145,101358.051,0.538478856,0.2,"NH3: 0.387762418, CH4: 0.612237582","O2: 0.21, N2: 0.79",59.33124610779032,53.8478856,1.14872563671425e-14,0.6818944113414057,8.275605109931738e-15,0.029408433152112196,2.3007661823395412e-05,6.366480671022969e-07,3.246336782637053e-11,0.19454689658718527,8.678824058192023e-09,3.0910569282634123e-10,3.79666030471372e-10,0.03413422039358507,0.056411658599696914,2.2432743402697855e-09,1.746448943676354e-09,1.8503722800505134e-11,-9.79383338811964e-16,-8.053548900309878e-16,-1.3162803907834922e-15,-8.773445060087936e-16,-3.973391250841559e-16,-1.866328457292789e-15,2.2902025525783193e-11,4.1513212265963976e-13,1.2558961495994904e-11,1.0736128283031715e-08,7.972747524315788e-08,1.234549585953856e-16,2.2859096117200495e-11,2.3907946608983526e-14,-3.469940939189534e-15,-1.9739812085280585e-15,-1.4535714865925682e-15,-1.2917160477125342e-15,-1.44967694149006e-15,-1.9938630452551534e-15,3.4660416500023353e-15,-1.0844848100582907e-15,-1.5238611411583756e-15,-8.155752608046238e-16,-1.2066028983101562e-15,-1.1160130987012778e-15,-1.0492100811755867e-15,-3.420963892180099e-15,-8.020145612316754e-16,2.3721815095220036e-13,-9.779938153347934e-16,-1.2187320125412557e-15,2.0472167625024875e-13,-1.8678507260873273e-15,2.1060197239730858e-10,-1.688110205664109e-15,1.306781724386083e-14,1.532423991130147e-15,4.499313858475541e-11,-1.6220618158923007e-15,-1.5881190548237681e-15,1.780087191758745e-14,-7.966978173925128e-16,-1.2036653387101097e-14,-1.9817636677233504e-15,-1.905960478761603e-15,-2.2577772228754263e-15,-2.011642390716139e-15,-1.4429944842857987e-15,-1.858087468181107e-15,-1.0718598756938667e-15,-2.399875052113338e-15,-1.8330074763752956e-15,-1.5610703234071e-15,-1.8781170626702906e-15,-1.5671760705195734e-15,-1.0793019397070745e-15,-8.963342824527856e-16,-2.3330801203784328e-15,-1.971408014484669e-15,-2.0174099485925126e-15,-1.466262888038882e-15,-1.4241960455231288e-15,-1.1330010704143712e-15,-1.9829166158526294e-15,-1.996231766526899e-15,-1.5615999967642259e-15,-2.3739965248346624e-15,-1.6116814641394655e-15,-2.9786600498680498e-15,-1.3984604512046973e-15,-1.2623532687288105e-15,-1.6662088071115595e-15,-1.3190869859174064e-15,-1.3239435004556795e-15,-2.682081365905373e-15,-1.435392056767607e-15,-1.5207404160383122e-15,-1.6467870875545732e-15,-1.3575939764365773e-15,-1.4138418874506232e-15,-1.3384260991748594e-15,-1.3699758847887136e-15,-1.7647358147522238e-15,-1.6883367447378656e-15,-7.972601822509516e-16,-1.3226205907870068e-15,-2.0277687721959533e-15,-1.3033937022939308e-15,-2.051620713787174e-15,-1.4010474255093935e-15,-2.332549100902832e-15,-1.7968767998869435e-15,-2.0399868875688376e-15,-3.191822039752609e-15,-2.046823304522776e-15,-1.4897977188890295e-15,-2.0208715515715393e-15,0.0035649128736715374,2.1664897483014027e-06,2.23653235594712e-09,7.122840953248387e-06,2.3260544670032542e-10,8.967121839557857e-07,1.5639025199368314e-12,3.402041104721102e-13,9.897099108135184e-14,1.3898905577170237e-10,6.841040030852522e-11,4.765980998878526e-12,1.3597934617620705e-10,7.20800820139973e-07,2.939432723775835e-14,2.7162960032812368e-14,-1.723376612854413e-15,4.6584926152553566e-12,1.6443993295641635e-12,1.2519758195054926e-10,1.979538834454848e-09,-9.65347028421005e-16,4.732595343222563e-06,1.801206882048512e-09,3.3735531211598106e-08,1.0576649889154226e-13,2.047451832457672e-12,5.7985818958839234e-12,3.219668906175081e-11,1.3013006978422849e-14,3.2054741438947895e-11,-1.0997174942292654e-15,1.44543705523003e-15,-2.156811440058036e-16,-1.7335721960528093e-15,2.4168008395307824e-16,2.4816236963981956e-15,3.748444454034198e-08,1.0909974162437728e-09,7.648477643048578e-14,-1.7648440997817689e-15,1.689499434878217e-12,4.507185154894231e-15,2.587505280008269e-13,2.2445248225584605e-15
0,1.249214784,636,297.4782447,626.8654403,101369.161,0.464890224,0.2,"NH3: 0.387813512333333, CH4: 0.612186487666667","O2: 0.21, N2: 0.79",50.52531398660312,46.4890224,3.691001147869664e-15,0.6762062837220448,3.487888601992406e-15,0.03629654379821704,2.8525773805959757e-05,2.29102360980913e-07,2.905123029781034e-11,0.1925983335690605,6.837303170342274e-09,1.6907164124721857e-10,2.7821228347516844e-10,0.0395310554874334,0.053282558515632954,2.5293372141557956e-09,7.3435637133752054e-09,5.580033062538441e-11,-1.5451761134278262e-16,-2.1972637492519004e-16,-2.2307367478498994e-17,-1.9865484790593761e-16,3.3879867922640433e-15,3.418273308244378e-16,8.169347319843044e-11,2.215199897259735e-12,3.487783436729853e-11,3.011748565854137e-08,1.8701218159977154e-07,2.4363030037693253e-15,1.4699190900380658e-11,2.7278639753033592e-14,7.202950050158754e-14,9.687469031104783e-16,2.635936323063857e-16,2.93330192571204e-16,6.843414516163452e-14,7.133971952383715e-15,1.4290106055424053e-12,-1.341619138225797e-16,6.750962463349823e-15,-2.15072780163049e-16,2.1146732969016546e-16,4.148915613433292e-15,-1.482462746498656e-16,1.2458022845504653e-15,-2.205373667874923e-16,1.551721693043717e-12,3.9659339093316394e-15,3.0091975708001555e-15,8.740025184063518e-13,1.4116979176070132e-16,2.217465459352405e-10,3.606727932814692e-16,3.826875194745995e-15,1.9158634681616588e-14,2.0753107153200114e-10,5.980097364723281e-17,4.0799861272082897e-16,2.2155196174983526e-13,-1.880283113743818e-16,2.2505960787592344e-15,1.9977745079738877e-16,1.7183512912797769e-16,9.647739180983922e-16,1.2313546296422403e-16,2.2220109125011098e-16,1.947636624979382e-16,-1.403636722601404e-16,3.659528221053777e-16,6.748476504464715e-16,3.6928716272870887e-16,2.5009449309801205e-16,3.7985305857735354e-16,2.178240105638588e-16,6.444710478596441e-16,1.8639766176266903e-16,3.606713134934485e-16,3.6363512746867736e-16,1.7831779345520708e-16,3.8390000425427266e-16,3.5884604922072486e-16,1.525949561767829e-16,4.0869435274074383e-16,3.0468051980380927e-16,2.0244042867456127e-16,5.117175117011638e-16,1.2120754990405035e-15,3.878952559383041e-16,1.9935878173565418e-16,9.304232627285482e-16,2.0075989355733458e-16,2.572380816558245e-16,6.365052872210916e-16,1.9203246643152758e-16,3.8305534821165716e-16,2.881443481160537e-16,2.1123946615713315e-16,-4.6538174192756087e-17,3.5716732280909546e-16,3.7822605681988826e-16,2.0527459418357422e-16,1.9416965675416928e-16,-2.1996147189195399e-16,5.35097146576513e-16,1.446492827715462e-16,4.891276161312001e-16,1.4354925740538934e-16,3.2665202269669076e-16,7.295750067907253e-16,3.436269095432009e-16,1.1607706760328698e-16,1.0827246597029938e-15,1.3331820954783505e-16,2.6063356371521765e-16,4.527998028594934e-16,0.001982401061367292,1.8207429001975573e-06,8.307593815226609e-10,5.018557103792393e-06,7.892028455336451e-11,4.4948189029487536e-07,7.009032817222874e-13,4.633249392977087e-13,1.5389227556124686e-13,1.612416519406156e-10,8.078297793617519e-11,2.177036607610285e-11,9.73938114593037e-11,5.097916194386651e-06,3.349354466022087e-13,9.430884425713563e-14,7.977245894809717e-17,7.18780109786141e-12,1.950809907166805e-12,2.602600820158984e-10,1.323451935589599e-09,-1.7689847895856186e-16,6.053369596330906e-05,1.5986911288834567e-08,2.5832907158304817e-07,1.855786364646927e-13,9.329716910561673e-12,4.643439649859109e-12,6.670785048901264e-11,2.1779928926554156e-14,1.0584596653797883e-10,2.5728071764711297e-16,1.5969287030821308e-13,1.76077838755521e-14,9.085708767555006e-16,2.58845988783699e-14,2.7395783092950743e-14,6.177273509699885e-07,1.850503059877901e-08,7.78607084657432e-12,1.8776649721802846e-16,2.4293247119993648e-11,1.269964979110775e-13,3.859783979032291e-12,6.266386455176629e-14
0,1.299463785,85,297.0887167,598.5576869,101381.382,0.396846217,0.2,"NH3: 0.38777149925, CH4: 0.61222850075","O2: 0.21, N2: 0.79",42.06242221380376,39.6846217,1.511523818661186e-14,0.6711746878361688,7.625046365074853e-15,0.04207610759010766,2.2849746195872793e-05,8.370737488258365e-08,3.744154306421e-11,0.19054244011352783,4.380519798903096e-09,8.205752259125789e-11,2.446430854376875e-10,0.04333984884309313,0.05123045793072988,2.0687294431132743e-09,4.335055794768122e-07,3.9393356758613863e-10,-2.2054965502126909e-16,-1.0197471435788574e-15,-9.452732015344833e-16,-1.0036941321007466e-15,1.6082382314023334e-14,2.8558169610323454e-16,8.354991897093609e-10,1.2067027038136813e-11,1.0124834015146872e-10,8.863632596521948e-08,4.335730882286428e-07,1.90090822803395e-15,1.1504821002844472e-11,2.285737295835654e-14,4.5398043782271506e-09,4.186247741250938e-11,2.0023763435166104e-16,2.2381130096474338e-14,3.5019171596051375e-09,3.9800572502050776e-10,5.657724039617991e-08,-1.0175959759993913e-15,1.7621794188222223e-11,-1.0144736760025756e-15,6.809898335518531e-14,2.2978579556053766e-12,-1.0171765338584973e-15,1.1990440979997066e-14,-1.0212675049218302e-15,5.5215118695308575e-11,4.616177608773477e-14,3.1068427792043384e-13,4.655747472647085e-11,9.188213869289954e-16,2.1981487752950758e-10,6.31861109122542e-16,1.875152026548508e-14,1.4752593433124574e-13,1.2649349034531635e-09,-8.721397283027537e-16,3.006015914348363e-16,3.1256096721860485e-12,-8.472650040171267e-16,6.073425022653855e-13,3.3023237189676285e-15,-2.135014011551606e-16,5.684830308824471e-14,-8.294493158883357e-16,2.2262216571023336e-17,-5.553216197786229e-16,-1.0142188346687184e-15,5.650377820829765e-16,1.2921417772448336e-11,4.805762980207104e-16,1.1373293551720924e-12,4.606852537170715e-16,1.4139726705643982e-16,1.6341649635382267e-15,-9.247323920003853e-16,5.049016221683949e-16,5.515174316180965e-16,-4.3756460609364403e-16,1.860387626220133e-15,1.2860931974201891e-15,-8.151140628428687e-16,1.3710063520633805e-15,1.1808035819162604e-13,-1.0213200006089688e-17,1.4187346067459976e-14,2.6602516708335566e-11,1.9155694891246363e-15,-2.3793107379361637e-16,2.5776037988596355e-14,-1.877389220054178e-16,2.244007136273203e-15,1.2313643251098216e-15,-3.7083659750363694e-16,1.0321784661003996e-15,2.6629254045362926e-16,-7.629911101263238e-17,-1.0079150136513844e-15,2.808557981282541e-15,1.0498433031429813e-14,1.3161780421875803e-15,-4.481812724538399e-16,-1.0205790684657479e-15,3.511225482525103e-14,-6.242595543821997e-16,1.0498632938009432e-14,-8.732639279919762e-16,8.113120421091169e-16,2.17781112036428e-15,5.277280776654588e-16,-9.256749178606607e-16,2.6618505071096132e-15,-8.891882321374927e-16,5.636151519085858e-17,5.64710439746272e-16,0.0005223711123828847,9.652117933513143e-06,2.2338408104767415e-10,2.2260577952787933e-06,1.4245960209420285e-11,1.0696681861881275e-07,1.7203326547512975e-13,2.262169611927091e-11,1.6810971981744937e-12,8.936674564445616e-10,6.919429300368857e-10,4.677115284015403e-10,4.3939367152118006e-11,0.0001445781948971854,3.3658358516012685e-10,1.7176641449791798e-12,-8.738746653039349e-16,4.2614104975579535e-11,1.7248672082304684e-12,5.994704933970829e-09,5.60950211508964e-10,6.581233365392221e-15,0.0009198365905012244,1.8290066916355854e-07,3.0486505468627303e-06,3.13250956646965e-12,7.469251200961112e-11,3.6318937091847784e-12,2.339861348227905e-10,7.97608221650595e-14,2.0737532038742227e-10,6.401129465436742e-16,1.6442508549475885e-10,3.533664114206651e-13,1.0414050948648711e-13,1.0775725862557038e-12,3.984799805981038e-12,1.0224476597900389e-05,2.5475279291868965e-07,1.249249484856292e-09,2.727632797145906e-15,4.3490758719101294e-10,7.289597916167175e-11,6.990636790930526e-11,1.1161409302288854e-12
0,1.299463785,85,297.0887167,598.5576869,101381.382,0.396846217,0.2,"NH3: 0.38777149925, CH4: 0.61222850075","O2: 0.21, N2: 0.79",42.06242221380376,39.6846217,1.511523818661186e-14,0.6711746878361688,7.625046365074853e-15,0.04207610759010766,2.2849746195872793e-05,8.370737488258365e-08,3.744154306421e-11,0.19054244011352783,4.380519798903096e-09,8.205752259125789e-11,2.446430854376875e-10,0.04333984884309313,0.05123045793072988,2.0687294431132743e-09,4.335055794768122e-07,3.9393356758613863e-10,-2.2054965502126909e-16,-1.0197471435788574e-15,-9.452732015344833e-16,-1.0036941321007466e-15,1.6082382314023334e-14,2.8558169610323454e-16,8.354991897093609e-10,1.2067027038136813e-11,1.0124834015146872e-10,8.863632596521948e-08,4.335730882286428e-07,1.90090822803395e-15,1.1504821002844472e-11,2.285737295835654e-14,4.5398043782271506e-09,4.186247741250938e-11,2.0023763435166104e-16,2.2381130096474338e-14,3.5019171596051375e-09,3.9800572502050776e-10,5.657724039617991e-08,-1.0175959759993913e-15,1.7621794188222223e-11,-1.0144736760025756e-15,6.809898335518531e-14,2.2978579556053766e-12,-1.0171765338584973e-15,1.1990440979997066e-14,-1.0212675049218302e-15,5.5215118695308575e-11,4.616177608773477e-14,3.1068427792043384e-13,4.655747472647085e-11,9.188213869289954e-16,2.1981487752950758e-10,6.31861109122542e-16,1.875152026548508e-14,1.4752593433124574e-13,1.2649349034531635e-09,-8.721397283027537e-16,3.006015914348363e-16,3.1256096721860485e-12,-8.472650040171267e-16,6.073425022653855e-13,3.3023237189676285e-15,-2.135014011551606e-16,5.684830308824471e-14,-8.294493158883357e-16,2.2262216571023336e-17,-5.553216197786229e-16,-1.0142188346687184e-15,5.650377820829765e-16,1.2921417772448336e-11,4.805762980207104e-16,1.1373293551720924e-12,4.606852537170715e-16,1.4139726705643982e-16,1.6341649635382267e-15,-9.247323920003853e-16,5.049016221683949e-16,5.515174316180965e-16,-4.3756460609364403e-16,1.860387626220133e-15,1.2860931974201891e-15,-8.151140628428687e-16,1.3710063520633805e-15,1.1808035819162604e-13,-1.0213200006089688e-17,1.4187346067459976e-14,2.6602516708335566e-11,1.9155694891246363e-15,-2.3793107379361637e-16,2.5776037988596355e-14,-1.877389220054178e-16,2.244007136273203e-15,1.2313643251098216e-15,-3.7083659750363694e-16,1.0321784661003996e-15,2.6629254045362926e-16,-7.629911101263238e-17,-1.0079150136513844e-15,2.808557981282541e-15,1.0498433031429813e-14,1.3161780421875803e-15,-4.481812724538399e-16,-1.0205790684657479e-15,3.511225482525103e-14,-6.242595543821997e-16,1.0498632938009432e-14,-8.732639279919762e-16,8.113120421091169e-16,2.17781112036428e-15,5.277280776654588e-16,-9.256749178606607e-16,2.6618505071096132e-15,-8.891882321374927e-16,5.636151519085858e-17,5.64710439746272e-16,0.0005223711123828847,9.652117933513143e-06,2.2338408104767415e-10,2.2260577952787933e-06,1.4245960209420285e-11,1.0696681861881275e-07,1.7203326547512975e-13,2.262169611927091e-11,1.6810971981744937e-12,8.936674564445616e-10,6.919429300368857e-10,4.677115284015403e-10,4.3939367152118006e-11,0.0001445781948971854,3.3658358516012685e-10,1.7176641449791798e-12,-8.738746653039349e-16,4.2614104975579535e-11,1.7248672082304684e-12,5.994704933970829e-09,5.60950211508964e-10,6.581233365392221e-15,0.0009198365905012244,1.8290066916355854e-07,3.0486505468627303e-06,3.13250956646965e-12,7.469251200961112e-11,3.6318937091847784e-12,2.339861348227905e-10,7.97608221650595e-14,2.0737532038742227e-10,6.401129465436742e-16,1.6442508549475885e-10,3.533664114206651e-13,1.0414050948648711e-13,1.0775725862557038e-12,3.984799805981038e-12,1.0224476597900389e-05,2.5475279291868965e-07,1.249249484856292e-09,2.727632797145906e-15,4.3490758719101294e-10,7.289597916167175e-11,6.990636790930526e-11,1.1161409302288854e-12
0,1.299463785,85,297.0887167,598.5576869,101381.382,0.396846217,0.2,"NH3: 0.38777149925, CH4: 0.61222850075","O2: 0.21, N2: 0.79",42.06242221380376,39.6846217,1.511523818661186e-14,0.6711746878361688,7.625046365074853e-15,0.04207610759010766,2.2849746195872793e-05,8.370737488258365e-08,3.744154306421e-11,0.19054244011352783,4.380519798903096e-09,8.205752259125789e-11,2.446430854376875e-10,0.04333984884309313,0.05123045793072988,2.0687294431132743e-09,4.335055794768122e-07,3.9393356758613863e-10,-2.2054965502126909e-16,-1.0197471435788574e-15,-9.452732015344833e-16,-1.0036941321007466e-15,1.6082382314023334e-14,2.8558169610323454e-16,8.354991897093609e-10,1.2067027038136813e-11,1.0124834015146872e-10,8.863632596521948e-08,4.335730882286428e-07,1.90090822803395e-15,1.1504821002844472e-11,2.285737295835654e-14,4.5398043782271506e-09,4.186247741250938e-11,2.0023763435166104e-16,2.2381130096474338e-14,3.5019171596051375e-09,3.9800572502050776e-10,5.657724039617991e-08,-1.0175959759993913e-15,1.7621794188222223e-11,-1.0144736760025756e-15,6.809898335518531e-14,2.2978579556053766e-12,-1.0171765338584973e-15,1.1990440979997066e-14,-1.0212675049218302e-15,5.5215118695308575e-11,4.616177608773477e-14,3.1068427792043384e-13,4.655747472647085e-11,9.188213869289954e-16,2.1981487752950758e-10,6.31861109122542e-16,1.875152026548508e-14,1.4752593433124574e-13,1.2649349034531635e-09,-8.721397283027537e-16,3.006015914348363e-16,3.1256096721860485e-12,-8.472650040171267e-16,6.073425022653855e-13,3.3023237189676285e-15,-2.135014011551606e-16,5.684830308824471e-14,-8.294493158883357e-16,2.2262216571023336e-17,-5.553216197786229e-16,-1.0142188346687184e-15,5.650377820829765e-16,1.2921417772448336e-11,4.805762980207104e-16,1.1373293551720924e-12,4.606852537170715e-16,1.4139726705643982e-16,1.6341649635382267e-15,-9.247323920003853e-16,5.049016221683949e-16,5.515174316180965e-16,-4.3756460609364403e-16,1.860387626220133e-15,1.2860931974201891e-15,-8.151140628428687e-16,1.3710063520633805e-15,1.1808035819162604e-13,-1.0213200006089688e-17,1.4187346067459976e-14,2.6602516708335566e-11,1.9155694891246363e-15,-2.3793107379361637e-16,2.5776037988596355e-14,-1.877389220054178e-16,2.244007136273203e-15,1.2313643251098216e-15,-3.7083659750363694e-16,1.0321784661003996e-15,2.6629254045362926e-16,-7.629911101263238e-17,-1.0079150136513844e-15,2.808557981282541e-15,1.0498433031429813e-14,1.3161780421875803e-15,-4.481812724538399e-16,-1.0205790684657479e-15,3.511225482525103e-14,-6.242595543821997e-16,1.0498632938009432e-14,-8.732639279919762e-16,8.113120421091169e-16,2.17781112036428e-15,5.277280776654588e-16,-9.256749178606607e-16,2.6618505071096132e-15,-8.891882321374927e-16,5.636151519085858e-17,5.64710439746272e-16,0.0005223711123828847,9.652117933513143e-06,2.2338408104767415e-10,2.2260577952787933e-06,1.4245960209420285e-11,1.0696681861881275e-07,1.7203326547512975e-13,2.262169611927091e-11,1.6810971981744937e-12,8.936674564445616e-10,6.919429300368857e-10,4.677115284015403e-10,4.3939367152118006e-11,0.0001445781948971854,3.3658358516012685e-10,1.7176641449791798e-12,-8.738746653039349e-16,4.2614104975579535e-11,1.7248672082304684e-12,5.994704933970829e-09,5.60950211508964e-10,6.581233365392221e-15,0.0009198365905012244,1.8290066916355854e-07,3.0486505468627303e-06,3.13250956646965e-12,7.469251200961112e-11,3.6318937091847784e-12,2.339861348227905e-10,7.97608221650595e-14,2.0737532038742227e-10,6.401129465436742e-16,1.6442508549475885e-10,3.533664114206651e-13,1.0414050948648711e-13,1.0775725862557038e-12,3.984799805981038e-12,1.0224476597900389e-05,2.5475279291868965e-07,1.249249484856292e-09,2.727632797145906e-15,4.3490758719101294e-10,7.289597916167175e-11,6.990636790930526e-11,1.1161409302288854e-12
0,1.299463785,85,297.0887167,598.5576869,101381.382,0.396846217,0.2,"NH3: 0.38777149925, CH4: 0.61222850075","O2: 0.21, N2: 0.79",42.06242221380376,39.6846217,1.511523818661186e-14,0.6711746878361688,7.625046365074853e-15,0.04207610759010766,2.2849746195872793e-05,8.370737488258365e-08,3.744154306421e-11,0.19054244011352783,4.380519798903096e-09,8.205752259125789e-11,2.446430854376875e-10,0.04333984884309313,0.05123045793072988,2.0687294431132743e-09,4.335055794768122e-07,3.9393356758613863e-10,-2.2054965502126909e-16,-1.0197471435788574e-15,-9.452732015344833e-16,-1.0036941321007466e-15,1.6082382314023334e-14,2.8558169610323454e-16,8.354991897093609e-10,1.2067027038136813e-11,1.0124834015146872e-10,8.863632596521948e-08,4.335730882286428e-07,1.90090822803395e-15,1.1504821002844472e-11,2.285737295835654e-14,4.5398043782271506e-09,4.186247741250938e-11,2.0023763435166104e-16,2.2381130096474338e-14,3.5019171596051375e-09,3.9800572502050776e-10,5.657724039617991e-08,-1.0175959759993913e-15,1.7621794188222223e-11,-1.0144736760025756e-15,6.809898335518531e-14,2.2978579556053766e-12,-1.0171765338584973e-15,1.1990440979997066e-14,-1.0212675049218302e-15,5.5215118695308575e-11,4.616177608773477e-14,3.1068427792043384e-13,4.655747472647085e-11,9.188213869289954e-16,2.1981487752950758e-10,6.31861109122542e-16,1.875152026548508e-14,1.4752593433124574e-13,1.2649349034531635e-09,-8.721397283027537e-16,3.006015914348363e-16,3.1256096721860485e-12,-8.472650040171267e-16,6.073425022653855e-13,3.3023237189676285e-15,-2.135014011551606e-16,5.684830308824471e-14,-8.294493158883357e-16,2.2262216571023336e-17,-5.553216197786229e-16,-1.0142188346687184e-15,5.650377820829765e-16,1.2921417772448336e-11,4.805762980207104e-16,1.1373293551720924e-12,4.606852537170715e-16,1.4139726705643982e-16,1.6341649635382267e-15,-9.247323920003853e-16,5.049016221683949e-16,5.515174316180965e-16,-4.3756460609364403e-16,1.860387626220133e-15,1.2860931974201891e-15,-8.151140628428687e-16,1.3710063520633805e-15,1.1808035819162604e-13,-1.0213200006089688e-17,1.4187346067459976e-14,2.6602516708335566e-11,1.9155694891246363e-15,-2.3793107379361637e-16,2.5776037988596355e-14,-1.877389220054178e-16,2.244007136273203e-15,1.2313643251098216e-15,-3.7083659750363694e-16,1.0321784661003996e-15,2.6629254045362926e-16,-7.629911101263238e-17,-1.0079150136513844e-15,2.808557981282541e-15,1.0498433031429813e-14,1.3161780421875803e-15,-4.481812724538399e-16,-1.0205790684657479e-15,3.511225482525103e-14,-6.242595543821997e-16,1.0498632938009432e-14,-8.732639279919762e-16,8.113120421091169e-16,2.17781112036428e-15,5.277280776654588e-16,-9.256749178606607e-16,2.6618505071096132e-15,-8.891882321374927e-16,5.636151519085858e-17,5.64710439746272e-16,0.0005223711123828847,9.652117933513143e-06,2.2338408104767415e-10,2.2260577952787933e-06,1.4245960209420285e-11,1.0696681861881275e-07,1.7203326547512975e-13,2.262169611927091e-11,1.6810971981744937e-12,8.936674564445616e-10,6.919429300368857e-10,4.677115284015403e-10,4.3939367152118006e-11,0.0001445781948971854,3.3658358516012685e-10,1.7176641449791798e-12,-8.738746653039349e-16,4.2614104975579535e-11,1.7248672082304684e-12,5.994704933970829e-09,5.60950211508964e-10,6.581233365392221e-15,0.0009198365905012244,1.8290066916355854e-07,3.0486505468627303e-06,3.13250956646965e-12,7.469251200961112e-11,3.6318937091847784e-12,2.339861348227905e-10,7.97608221650595e-14,2.0737532038742227e-10,6.401129465436742e-16,1.6442508549475885e-10,3.533664114206651e-13,1.0414050948648711e-13,1.0775725862557038e-12,3.984799805981038e-12,1.0224476597900389e-05,2.5475279291868965e-07,1.249249484856292e-09,2.727632797145906e-15,4.3490758719101294e-10,7.289597916167175e-11,6.990636790930526e-11,1.1161409302288854e-12
0,1.249214784,63,297.4782447,626.8654403,101369.161,0.464890224,0.2,"NH3: 0.387813512333333, CH4: 0.612186487666667","O2: 0.21, N2: 0.79",48.9771527071581,46.4890224,8.973839205505986e-15,0.6767092623762488,5.026330941113083e-15,0.03594342273952473,3.2992727988957547e-05,3.594203831941218e-07,1.5007713539357576e-10,0.1923368346872745,8.267808408329324e-08,1.543846427282614e-10,3.0188772363774337e-10,0.038152645620140195,0.0545212405792046,1.1710161087229307e-09,5.6769058948296306e-09,4.054851588875543e-11,-3.7503616528943797e-16,-7.737303442398653e-16,-7.921610679051914e-16,-7.8397222578848175e-16,2.4171143178526596e-16,-5.818912693316492e-16,2.8619866195962015e-11,4.1025558573440917e-13,1.259643272114949e-11,1.0188040921316696e-08,1.1009433737037996e-07,1.4287847542350389e-15,1.6555088318387056e-11,1.7208413569395963e-13,1.6529224185598e-11,3.04524087866511e-13,-6.020919144198374e-16,-6.233976980373754e-16,2.5861159510545653e-11,2.4780688661562844e-12,4.558373185956259e-10,-7.388014563701145e-16,1.271495026057834e-13,-6.902568092299461e-16,-5.067413997545032e-16,9.511233376221127e-15,-6.694886741358251e-16,2.992453944646375e-16,-6.996361416421793e-16,5.535181794726101e-13,-2.76396187571895e-16,1.4793690866672943e-14,1.2055586681443198e-12,-6.250009062944635e-16,1.7887853824289278e-10,-2.6267889155602317e-16,1.0963357830039323e-14,4.0640687081595725e-15,7.05232048208238e-11,-6.424194817496226e-16,-5.517077134485174e-16,2.3040846098934398e-14,-6.760144939244362e-16,4.9621642093288034e-15,-5.739370641572754e-16,-6.647957868085695e-16,1.0699540874833945e-15,-6.815546904559929e-16,-6.677575766002869e-16,-6.651226058436492e-16,-6.617342804760461e-16,-2.009659566424428e-16,4.520523337269483e-16,-5.430557601649839e-16,2.6211077143255797e-15,-5.798080026202399e-16,-6.591156374847217e-16,-4.686009881882862e-16,-6.36776609534455e-16,-2.4656185019025162e-16,-2.4823283325604185e-16,-6.604338318623389e-16,-3.2214367964812965e-16,-4.504319087332517e-16,-6.825683158338561e-16,-2.7662904167321367e-16,-3.5272122033108627e-16,-6.631898797614437e-16,-4.580634027559698e-16,2.7265955660640283e-14,6.09587360287198e-17,-6.614818275744856e-16,9.151163108199284e-17,-6.454998655412331e-16,-6.300189634353505e-16,5.867803378628418e-16,-6.453894702516534e-16,-5.180761555977029e-16,-3.2905871571541406e-16,-6.416794112939214e-16,-6.42813631142294e-16,-4.466229042303475e-16,-3.046660235423893e-16,-5.610847227663778e-16,-6.323285904370262e-16,-6.429592807085311e-16,-1.7870242817371658e-16,-6.408122097225774e-16,-1.7769364984077752e-16,-6.542964651295454e-16,-4.676337849841534e-16,-1.977483992757209e-15,-2.868911210351572e-16,-6.219657152912996e-16,6.626355087936699e-16,-6.288603217511526e-16,-5.005146760353455e-16,-1.8049451014705265e-16,0.002129884574870015,2.495060005723063e-06,1.2499573276426496e-09,2.9522508402983e-06,1.4790063658751912e-10,5.199850398896174e-07,8.730923378926199e-13,6.302130017897399e-13,3.141248313004739e-13,6.144006358501255e-11,7.661816019132017e-11,3.013553603639977e-11,5.6897063874696493e-11,8.116842372405364e-06,7.01963712716542e-13,1.1972072961436262e-12,-6.791284906999351e-16,7.666375074847584e-11,7.0695438603699695e-12,1.3487059788001535e-09,6.053298054517488e-10,-5.524706781477853e-16,0.00015812146125497473,7.023996227147547e-08,5.895573135112807e-07,3.85039106625176e-13,1.9093926184185717e-10,4.8725322650550124e-12,1.0377508938773898e-11,5.757931900053074e-15,4.034478858218528e-12,-6.393993464479439e-16,3.9755704575566856e-13,1.5583144459630523e-12,6.9593708764248e-15,1.1931310850462893e-12,8.51025183786151e-14,2.723590324118022e-07,4.234440488649801e-09,5.857522751871167e-11,-5.656511098991542e-16,7.299955478388985e-11,3.2265177723283084e-13,7.798122070354543e-12,1.0660022032771709e-13
0,1.249214784,190,297.4782447,626.8654403,101369.161,0.464890224,0.2,"NH3: 0.387813512333333, CH4: 0.612186487666667","O2: 0.21, N2: 0.79",49.37632375112378,46.4890224,1.5286288057932746e-14,0.6763613421684211,9.991334100957368e-15,0.035934925208037524,2.8105520279142058e-05,2.5055373965738183e-07,3.743498932281672e-11,0.19290889098172817,1.2135568489808515e-08,1.6740599991946224e-10,2.60095637334382e-10,0.0390124968182072,0.05355709044911279,2.133973812014643e-09,5.5727371006582085e-09,4.714930205503629e-11,-8.230549413531474e-16,-8.649951243162103e-16,-8.837328615743758e-16,-8.669621180892687e-16,1.2395266548154368e-15,-7.720142924606719e-16,5.674809726414983e-11,1.5597631494012574e-12,2.6867843169241643e-11,2.2297450870883832e-08,1.596201131158427e-07,9.47755192893282e-16,1.5440322460903404e-11,4.4428955955801075e-14,2.3644014663193566e-13,2.1835061586506686e-15,-1.056731017944573e-15,-1.1387679168815058e-15,2.6095587151357874e-13,2.5671166936131058e-14,5.407047855288945e-12,-8.671504900702053e-16,3.7691403051917534e-15,-8.595362117616528e-16,-1.2214420231256257e-15,1.5614847420439743e-15,-8.608179261262687e-16,-1.4642179616948956e-15,-8.597871756453657e-16,9.953019534901702e-13,9.320100184284261e-16,1.6440032604438296e-15,7.681400721354945e-13,-9.034329869242258e-16,2.181715684471319e-10,-1.080248503156305e-15,1.7630690384100608e-14,1.1441284436392243e-14,1.5238819698318457e-10,-8.92256123281433e-16,-6.542384641788238e-16,1.2186820153209373e-13,-8.438738223743372e-16,-3.5045381800075655e-15,-1.0179926284114066e-15,-1.0201852033825774e-15,-1.5785830686203514e-15,-9.41048135756128e-16,-1.1297922046219165e-15,-1.041660666232732e-15,-8.596008446532881e-16,-1.3037139994954261e-15,-9.002346805134962e-16,-7.380912556059103e-16,-1.0927330035405692e-15,-7.270729074697746e-16,-1.2915192281895108e-15,-5.798699484043609e-16,-8.90330221818526e-16,-1.1873740560813467e-15,-1.2109683410127264e-15,-1.0700480267557228e-15,-1.173475898190101e-15,-1.215015371087089e-15,-9.825936503465302e-16,-1.2894190998140208e-15,-1.080085846737852e-15,-9.004847205942573e-16,-6.832906043525683e-16,-1.167984151191995e-15,-1.8798617233686682e-15,-1.1986686134929823e-15,-8.257795592603665e-16,-1.1699337739958785e-15,-1.1824109626609943e-15,-1.132642109233144e-15,-1.111888737636065e-15,-1.1011809907003557e-15,-1.1179783814829502e-15,-1.1754164805144301e-15,-8.62190292111054e-16,-1.0146379616346983e-15,-1.1790971239619516e-15,-1.0583186181057709e-15,-1.0751350456704594e-15,-8.558547424876106e-16,-1.193619584501438e-15,-9.536195397675726e-16,-1.2619748608386147e-15,-9.437744597825788e-16,-1.111603448666466e-15,-8.919908454399493e-16,-1.112549347182483e-15,-9.19501413622029e-16,-1.8202517326737975e-15,-9.39567610296318e-16,-1.0873815412577717e-15,-1.1767152230023876e-15,0.0021151613989931436,1.9349965462119993e-06,9.173938281335696e-10,4.671609745109883e-06,9.631827724022318e-11,4.816996827042005e-07,7.464815344567412e-13,4.609003849304575e-13,1.6776108056531473e-13,1.3910608374009617e-10,7.397264443225666e-11,2.118908989684901e-11,9.196149316379224e-11,5.124254127917821e-06,3.2112064779564856e-13,1.5604414878835633e-13,-8.974486263283444e-16,1.3480535190226026e-11,2.725880436251723e-12,2.998526515412188e-10,1.18739589280918e-09,-8.501897899559671e-16,6.846366171843353e-05,2.015327156934332e-08,2.882281349270758e-07,1.8972815847471176e-13,1.7200838877333292e-11,4.786851040613515e-12,4.211269250646458e-11,1.335178314114234e-14,6.067540082103139e-11,-1.3698143994687506e-15,1.4485993179230452e-13,4.7059012533929635e-14,1.0934761853108242e-16,5.940854310938499e-14,3.0128722865111396e-14,5.342865523961386e-07,1.2247202944978749e-08,1.0323358004200161e-11,-1.0542395471913487e-15,2.8274754857553277e-11,1.298307391606056e-13,4.248704290264005e-12,6.568980600656876e-14
0,1.249214784,108,297.4782447,626.8654403,101369.161,0.464890224,0.2,"NH3: 0.387813512333333, CH4: 0.612186487666667","O2: 0.21, N2: 0.79",48.56382402419007,46.4890224,7.494180063326913e-15,0.6764228495538424,5.53156880889938e-15,0.03569355396754633,2.8655994408482897e-05,2.740183364961603e-07,6.224376670967808e-11,0.19309997311186014,2.615197667675723e-08,1.7049791845273252e-10,2.466213022645048e-10,0.038492857658635735,0.05395855168389762,1.673355433551449e-09,4.536193009290212e-09,4.168685871759448e-11,3.468446039817134e-16,2.3719148516474146e-16,2.360588716163623e-16,2.357620252730983e-16,1.650037384075344e-15,3.7733588424599426e-16,4.146328090120033e-11,1.009388534569329e-12,2.038574197207517e-11,1.6356805074615135e-08,1.347911647742891e-07,1.688951665120801e-15,1.6962584575148106e-11,7.768234659082662e-14,8.150527627175183e-13,1.2748317763862751e-14,2.4859825807747745e-16,2.7323040668715484e-16,1.022532280210372e-12,1.0266345870309547e-13,2.018210396803608e-11,2.386626491817498e-16,7.01318262636673e-15,2.3975297273593775e-16,2.6414896207965064e-16,2.2123862858726714e-15,2.411721065234011e-16,-2.2522094645337467e-16,2.393404638637602e-16,6.613388220924413e-13,1.1053029509688854e-15,3.4322120314937427e-15,7.630659678140256e-13,2.6007869386481675e-16,2.089870176762838e-10,-2.5449908002933543e-16,8.322700811373957e-15,8.748933069233649e-15,1.1303917428211941e-10,2.4354334315528486e-16,2.832973006033196e-16,7.043975933200117e-14,2.4669462046454764e-16,-7.0804662043480975e-15,1.6445368732611345e-16,2.3655435774302573e-16,-9.724419068394488e-16,2.4094421938199247e-16,2.6335770738361405e-16,2.3794139053933367e-16,2.416216076404236e-16,-2.854036873629037e-16,1.6088832698424488e-16,2.884260203456187e-16,8.876202764886453e-17,2.779021090838424e-16,2.5234028481733464e-16,2.139028070316595e-16,2.431110110209443e-16,-1.1239009705542553e-16,-1.599826821232503e-16,2.4380535365838545e-16,2.634182811277397e-17,1.4534051982099197e-16,2.452128826859964e-16,-8.067641923681497e-17,8.451939009034998e-17,2.424732815690577e-16,1.0016668612515897e-16,1.0268177324854254e-15,-5.314355171077143e-16,2.464599940399054e-16,-6.263163912865431e-16,2.4834293642539363e-16,2.287250068685223e-16,-1.3096017795627643e-15,2.430316586038245e-16,1.0050727788541641e-16,9.533510009728093e-17,2.529173892929405e-16,2.426186776227394e-16,1.4374786040058052e-16,-4.6167369520890456e-17,1.9998971287932125e-16,2.539356272047487e-16,2.427455976239156e-16,-1.4696366903877689e-16,2.412155657552588e-16,-1.2896629409678384e-17,2.43584794962383e-16,1.5794615673045865e-16,1.408564023845331e-15,-1.161318678673449e-16,2.4454081348802987e-16,-6.019151181686305e-16,2.404552771783279e-16,1.8893207570953516e-16,6.132054272408248e-18,0.0022075396044067596,2.0564841297774315e-06,1.0148062378814756e-09,4.083344988683223e-06,1.1726171098628054e-10,5.00544140591459e-07,7.720543299455639e-13,4.842941812922844e-13,1.9859756432128188e-13,1.0640731823591335e-10,6.87436889384494e-11,2.1959819366642746e-11,8.115843124364769e-11,5.4379736753708215e-06,3.5114009443233723e-13,3.2912939179267705e-13,2.425764715127596e-16,2.7455245609754166e-11,3.934388584255736e-12,4.297015803215598e-10,9.762049777941416e-10,2.6978492524417643e-16,8.268577936354143e-05,2.8968859186404087e-08,3.4413639366196096e-07,2.1718883963382136e-13,4.320387582631565e-11,4.8810378248816065e-12,2.609795894813999e-11,9.677134747328571e-15,2.931346887568373e-11,2.754236106224271e-16,1.5193748445234678e-13,1.7073840560193348e-13,2.3807244831987577e-15,1.7498205107015045e-13,4.0568935452831997e-14,4.1308590784759355e-07,6.622997262647104e-09,1.6070494899060882e-11,2.5830365901507847e-16,3.534009611301895e-11,1.4890970409531502e-13,4.797427918602511e-12,7.21657105499672e-14
0,1.299463785,111,297.0887167,598.5576869,101381.382,0.396846217,0.2,"NH3: 0.38777149925, CH4: 0.61222850075","O2: 0.21, N2: 0.79",41.1344637813466,39.6846217,-7.211704894698442e-15,0.671207040978307,-7.638506313725555e-15,0.0418867787354428,2.193546274897009e-05,8.198065490517656e-08,2.4322313436641698e-11,0.19085563199556566,2.84765568883861e-09,8.361544377299406e-11,2.2793920599456854e-10,0.043551415389612456,0.05104917401644908,2.169293961612504e-09,1.6300318978353448e-07,2.2429955031165022e-10,6.833069626271167e-16,4.3623678976853455e-16,3.518266362066786e-16,4.380420765236503e-16,1.05407942192154e-14,8.872282199353035e-16,4.730995879821288e-10,1.1425560938116556e-11,9.919517588837718e-11,8.969555299258002e-08,4.1766728174883996e-07,1.4235174307719903e-15,1.245517939190863e-11,1.706092800498515e-14,1.2844191131228456e-09,1.135176309185397e-11,-2.464267154645594e-17,7.332335553009826e-15,9.7305295197246e-10,1.0565034188113909e-10,1.5984703603959223e-08,4.3052427033787885e-16,4.915137115941822e-12,4.441958023725095e-16,2.0455557941124225e-14,6.64321023901196e-13,4.3230992324161906e-16,4.638865118665626e-15,4.411545362371791e-16,2.6523752888087902e-11,3.2860177519853857e-14,9.036408560362222e-14,1.9328189369327834e-11,6.844478277364639e-16,2.2457961740959768e-10,1.5996676100135095e-16,-6.573652815510817e-15,1.441861239695191e-13,1.2235152611163292e-09,2.8930804326967647e-16,-3.1478105850812527e-18,3.0650557437402e-12,6.597078937294276e-16,7.579140170345459e-14,6.616497069102002e-16,2.298885188439977e-16,6.4193000908593724e-15,3.035228568065953e-16,-2.5897108978916458e-17,1.2852679723093917e-16,4.320391542310486e-16,4.4221184991056915e-17,4.054659181513265e-12,5.3784659693545264e-17,2.6234741896414104e-13,2.5246375373146545e-17,-2.0822181957226949e-16,-1.7261420444518233e-16,2.305748983522447e-16,6.86310265480494e-17,8.110303246538198e-17,-1.6554580964159097e-16,-4.223595621340962e-17,-1.175052751575618e-16,2.359759530578106e-16,1.7223676606563374e-16,3.385711889606042e-14,6.292411343214045e-16,3.932875844461628e-15,7.28546011994816e-12,-1.820504052205073e-16,-1.2847309149703688e-16,2.3255969226838735e-15,-1.5170030753906476e-16,7.573092198521441e-17,5.3418362816366175e-16,-1.5388233845224758e-16,5.2046105635550406e-17,1.6383982388296408e-18,-1.2004183833250056e-16,4.1245021968649463e-16,3.294629122117369e-17,6.374968055102225e-16,2.211409270653441e-16,5.803334488454824e-17,4.450484279727236e-16,2.4546793037903414e-15,2.833394467749332e-16,4.329497190915685e-16,2.7313286579717648e-16,-6.388274138239519e-17,-8.866255920823373e-16,7.95444495863691e-17,3.1792040287578866e-16,1.5981544459902477e-16,2.906764732647845e-16,-3.5655785320158284e-17,1.0414252980775225e-16,0.0006025084291209756,7.965612073490057e-06,2.4384908539761884e-10,2.670829191333807e-06,1.5788815499228905e-11,1.2240435752929597e-07,1.7862790830796672e-13,1.2541346981622708e-11,1.2518222123560145e-12,7.85169890574111e-10,5.601712695498476e-10,3.700979762586925e-10,5.1518445240098835e-11,0.00011604157588413317,2.0092084819713041e-10,6.528028824413132e-13,2.786411409199543e-16,1.896690030183492e-11,1.3280987127040406e-12,3.17989659781601e-09,6.962175620504418e-10,3.352719597439026e-15,0.0006865711049850818,1.3421689920511254e-07,2.4401368674173735e-06,1.4061034857103554e-12,4.4703274633910426e-11,3.689195008379896e-12,1.7149947436960733e-10,5.2351916211622295e-14,2.643099418292028e-10,2.870849324799203e-17,4.648951009804696e-11,1.5936308981880983e-13,4.590502591234257e-14,4.4383099803191524e-13,2.1023625025823922e-12,8.53450086396819e-06,2.484347082954521e-07,7.156554945098938e-10,8.205680525034254e-16,3.184360823255014e-10,2.25583154324347e-11,5.21684525923534e-11,8.526809036146048e-13
0,1.249214784,108,297.4782447,626.8654403,101369.161,0.464890224,0.2,"NH3: 0.387813512333333, CH4: 0.612186487666667","O2: 0.21, N2: 0.79",48.56382402419007,46.4890224,7.494180063326913e-15,0.6764228495538424,5.53156880889938e-15,0.03569355396754633,2.8655994408482897e-05,2.740183364961603e-07,6.224376670967808e-11,0.19309997311186014,2.615197667675723e-08,1.7049791845273252e-10,2.466213022645048e-10,0.038492857658635735,0.05395855168389762,1.673355433551449e-09,4.536193009290212e-09,4.168685871759448e-11,3.468446039817134e-16,2.3719148516474146e-16,2.360588716163623e-16,2.357620252730983e-16,1.650037384075344e-15,3.7733588424599426e-16,4.146328090120033e-11,1.009388534569329e-12,2.038574197207517e-11,1.6356805074615135e-08,1.347911647742891e-07,1.688951665120801e-15,1.6962584575148106e-11,7.768234659082662e-14,8.150527627175183e-13,1.2748317763862751e-14,2.4859825807747745e-16,2.7323040668715484e-16,1.022532280210372e-12,1.0266345870309547e-13,2.018210396803608e-11,2.386626491817498e-16,7.01318262636673e-15,2.3975297273593775e-16,2.6414896207965064e-16,2.2123862858726714e-15,2.411721065234011e-16,-2.2522094645337467e-16,2.393404638637602e-16,6.613388220924413e-13,1.1053029509688854e-15,3.4322120314937427e-15,7.630659678140256e-13,2.6007869386481675e-16,2.089870176762838e-10,-2.5449908002933543e-16,8.322700811373957e-15,8.748933069233649e-15,1.1303917428211941e-10,2.4354334315528486e-16,2.832973006033196e-16,7.043975933200117e-14,2.4669462046454764e-16,-7.0804662043480975e-15,1.6445368732611345e-16,2.3655435774302573e-16,-9.724419068394488e-16,2.4094421938199247e-16,2.6335770738361405e-16,2.3794139053933367e-16,2.416216076404236e-16,-2.854036873629037e-16,1.6088832698424488e-16,2.884260203456187e-16,8.876202764886453e-17,2.779021090838424e-16,2.5234028481733464e-16,2.139028070316595e-16,2.431110110209443e-16,-1.1239009705542553e-16,-1.599826821232503e-16,2.4380535365838545e-16,2.634182811277397e-17,1.4534051982099197e-16,2.452128826859964e-16,-8.067641923681497e-17,8.451939009034998e-17,2.424732815690577e-16,1.0016668612515897e-16,1.0268177324854254e-15,-5.314355171077143e-16,2.464599940399054e-16,-6.263163912865431e-16,2.4834293642539363e-16,2.287250068685223e-16,-1.3096017795627643e-15,2.430316586038245e-16,1.0050727788541641e-16,9.533510009728093e-17,2.529173892929405e-16,2.426186776227394e-16,1.4374786040058052e-16,-4.6167369520890456e-17,1.9998971287932125e-16,2.539356272047487e-16,2.427455976239156e-16,-1.4696366903877689e-16,2.412155657552588e-16,-1.2896629409678384e-17,2.43584794962383e-16,1.5794615673045865e-16,1.408564023845331e-15,-1.161318678673449e-16,2.4454081348802987e-16,-6.019151181686305e-16,2.404552771783279e-16,1.8893207570953516e-16,6.132054272408248e-18,0.0022075396044067596,2.0564841297774315e-06,1.0148062378814756e-09,4.083344988683223e-06,1.1726171098628054e-10,5.00544140591459e-07,7.720543299455639e-13,4.842941812922844e-13,1.9859756432128188e-13,1.0640731823591335e-10,6.87436889384494e-11,2.1959819366642746e-11,8.115843124364769e-11,5.4379736753708215e-06,3.5114009443233723e-13,3.2912939179267705e-13,2.425764715127596e-16,2.7455245609754166e-11,3.934388584255736e-12,4.297015803215598e-10,9.762049777941416e-10,2.6978492524417643e-16,8.268577936354143e-05,2.8968859186404087e-08,3.4413639366196096e-07,2.1718883963382136e-13,4.320387582631565e-11,4.8810378248816065e-12,2.609795894813999e-11,9.677134747328571e-15,2.931346887568373e-11,2.754236106224271e-16,1.5193748445234678e-13,1.7073840560193348e-13,2.3807244831987577e-15,1.7498205107015045e-13,4.0568935452831997e-14,4.1308590784759355e-07,6.622997262647104e-09,1.6070494899060882e-11,2.5830365901507847e-16,3.534009611301895e-11,1.4890970409531502e-13,4.797427918602511e-12,7.21657105499672e-14
0,1.299463785,111,297.0887167,598.5576869,101381.382,0.396846217,0.2,"NH3: 0.38777149925, CH4: 0.61222850075","O2: 0.21, N2: 0.79",41.1344637813466,39.6846217,-7.211704894698442e-15,0.671207040978307,-7.638506313725555e-15,0.0418867787354428,2.193546274897009e-05,8.198065490517656e-08,2.4322313436641698e-11,0.19085563199556566,2.84765568883861e-09,8.361544377299406e-11,2.2793920599456854e-10,0.043551415389612456,0.05104917401644908,2.169293961612504e-09,1.6300318978353448e-07,2.2429955031165022e-10,6.833069626271167e-16,4.3623678976853455e-16,3.518266362066786e-16,4.380420765236503e-16,1.05407942192154e-14,8.872282199353035e-16,4.730995879821288e-10,1.1425560938116556e-11,9.919517588837718e-11,8.969555299258002e-08,4.1766728174883996e-07,1.4235174307719903e-15,1.245517939190863e-11,1.706092800498515e-14,1.2844191131228456e-09,1.135176309185397e-11,-2.464267154645594e-17,7.332335553009826e-15,9.7305295197246e-10,1.0565034188113909e-10,1.5984703603959223e-08,4.3052427033787885e-16,4.915137115941822e-12,4.441958023725095e-16,2.0455557941124225e-14,6.64321023901196e-13,4.3230992324161906e-16,4.638865118665626e-15,4.411545362371791e-16,2.6523752888087902e-11,3.2860177519853857e-14,9.036408560362222e-14,1.9328189369327834e-11,6.844478277364639e-16,2.2457961740959768e-10,1.5996676100135095e-16,-6.573652815510817e-15,1.441861239695191e-13,1.2235152611163292e-09,2.8930804326967647e-16,-3.1478105850812527e-18,3.0650557437402e-12,6.597078937294276e-16,7.579140170345459e-14,6.616497069102002e-16,2.298885188439977e-16,6.4193000908593724e-15,3.035228568065953e-16,-2.5897108978916458e-17,1.2852679723093917e-16,4.320391542310486e-16,4.4221184991056915e-17,4.054659181513265e-12,5.3784659693545264e-17,2.6234741896414104e-13,2.5246375373146545e-17,-2.0822181957226949e-16,-1.7261420444518233e-16,2.305748983522447e-16,6.86310265480494e-17,8.110303246538198e-17,-1.6554580964159097e-16,-4.223595621340962e-17,-1.175052751575618e-16,2.359759530578106e-16,1.7223676606563374e-16,3.385711889606042e-14,6.292411343214045e-16,3.932875844461628e-15,7.28546011994816e-12,-1.820504052205073e-16,-1.2847309149703688e-16,2.3255969226838735e-15,-1.5170030753906476e-16,7.573092198521441e-17,5.3418362816366175e-16,-1.5388233845224758e-16,5.2046105635550406e-17,1.6383982388296408e-18,-1.2004183833250056e-16,4.1245021968649463e-16,3.294629122117369e-17,6.374968055102225e-16,2.211409270653441e-16,5.803334488454824e-17,4.450484279727236e-16,2.4546793037903414e-15,2.833394467749332e-16,4.329497190915685e-16,2.7313286579717648e-16,-6.388274138239519e-17,-8.866255920823373e-16,7.95444495863691e-17,3.1792040287578866e-16,1.5981544459902477e-16,2.906764732647845e-16,-3.5655785320158284e-17,1.0414252980775225e-16,0.0006025084291209756,7.965612073490057e-06,2.4384908539761884e-10,2.670829191333807e-06,1.5788815499228905e-11,1.2240435752929597e-07,1.7862790830796672e-13,1.2541346981622708e-11,1.2518222123560145e-12,7.85169890574111e-10,5.601712695498476e-10,3.700979762586925e-10,5.1518445240098835e-11,0.00011604157588413317,2.0092084819713041e-10,6.528028824413132e-13,2.786411409199543e-16,1.896690030183492e-11,1.3280987127040406e-12,3.17989659781601e-09,6.962175620504418e-10,3.352719597439026e-15,0.0006865711049850818,1.3421689920511254e-07,2.4401368674173735e-06,1.4061034857103554e-12,4.4703274633910426e-11,3.689195008379896e-12,1.7149947436960733e-10,5.2351916211622295e-14,2.643099418292028e-10,2.870849324799203e-17,4.648951009804696e-11,1.5936308981880983e-13,4.590502591234257e-14,4.4383099803191524e-13,2.1023625025823922e-12,8.53450086396819e-06,2.484347082954521e-07,7.156554945098938e-10,8.205680525034254e-16,3.184360823255014e-10,2.25583154324347e-11,5.21684525923534e-11,8.526809036146048e-13
